Аллергология,,,,,
Наименование,Цена Климовск,Цена Подольск,Цена Кирова,Длительность,Код номенклатуры
"АСИТ (без стоимости препарата), 1 процедура",0,900,0,10,
Ингаляция абмроксол,0,400,0,15,
Ингаляция амброксол + беродуал,0,600,0,15,
Ингаляция амброксол + пульмикорт,0,600,0,15,
Пикфлоуметрия,0,300,0,10,
Пикфлоуметрия с бронхолитиком,0,600,0,10,
Прием аллерголога - иммунолога (первично),0,2000,0,30,B01.002.001
Прием аллерголога - иммунолога (повторно),0,2000,0,30,B01.002.002
"Прием врача аллерголога-иммунолога + АСИТ (без стоимости препарата), 1 процедура",0,2900,0,30,
Прием детского аллерголога - иммунолога (первично),0,2000,0,30,
Прием детского аллерголога - иммунолога (повторно),0,2000,0,30,
АНАЛИЗЫ,,,,,
Наименование,Цена Климовск,Цена Подольск,Цена Кирова,Длительность,Код номенклатуры
13С - уреазный дыхательный тест (H. pylori),2500,2500,2500,15,A07.16.006
Анализы,200,200,200,10,
Анализы для седации (ОАК+Коагулограмма),1100,1100,1100,15,
ВЛОК (внутривенное лазерное облучение крови) курс 5 процедур по 20 мин,4000,4000,4000,20,"A22.13.001.1
"
Внутривенная инъекция,400,400,400,10,"А11.12.003
"
Внутривенное лазерное облучение крови ( ВЛОК ),1000,1000,1000,30,"A22.13.001
"
Внутримышечная инъекция,250,250,250,10,"А11.02.002
"
Внутримышечная инъекция (с лекарственным препаратом),500,500,500,5,"А11.02.002.1
"
Внутримышечная инъекция при острой боли,300,300,300,5,"А11.02.002.2
"
"Водородно-метановый дыхательный тест с лактулозой (СИБР, синдром избыточного бактериального роста в тонкой кишке)",2700,2700,2700,15,
Измерение глюкозы,150,150,150,5,
Капельница (1 час) с лекарственным препаратом (1 категория),1500,1500,1500,60,"A11.12.003.1
"
Капельница (1 час) с лекарственным препаратом (2 категория),1800,1800,1800,60,"A11.12.003.2
"
Капельница (1час) без лекарственного препарата,1000,1000,1000,60,"A11.12.003.3
"
Капельница (2 часа) без лекарственного препарата,0,0,2000,120,
Капельница (без лекарственного препарата),800,800,800,30,"A11.12.003.4
"
Капельница с лекарственным препаратом (1 категория),1200,1200,1200,60,A11.12.003.5
Капельница с лекарственным препаратом (2 категория),1500,1500,1500,60,"A11.12.003.6
"
Перевязка у хирурга.,0,1,0,30,
ПЦР,1600,1600,1600,20,
Гастроэнтерология,,,,,
Наименование,Цена Климовск,Цена Подольск,Цена Кирова,Длительность,Код номенклатуры
Консультация гастроэнтеролога (первичная),2000,2000,2000,30,"В01.004.001
"
Консультация гастроэнтеролога (повторная),2000,2000,2000,30,В01.004.002
Консультация гастроэнтеролога (Подбор индивидуальной программы лечения и питания),0,3800,0,60,"В01.004.001
"
Консультация гастроэнтеролога 1 час + Узи органов брюшной полости,0,5100,0,90,
Консультация детского гастроэнтеролога (первичная),0,2300,0,40,"В01.004.001
"
Консультация детского гастроэнтеролога (повторная),0,2300,0,40,В01.004.002
Консультация детского гастроэнтеролога (подбор индивидуальной программы лечения и питания),0,3800,0,60,"В01.004.001
"
Гинекология,,,,,
Наименование,Цена Климовск,Цена Подольск,Цена Кирова,Длительность,Код номенклатуры
Бужирование цервикального канала,2100,2100,0,10,А16.20.005.001
Введение / извлечение влагалищного поддерживающего кольца (пессария),1500,1500,0,10,"А11.20.041
А11.20.042
"
"Забор мазка (ПЦР, микробиологи, цитология, бак.посев)",450,450,0,10,"А11.20.005
А11.20.002
"
"Забор мазка (ПЦР, микробиологи, цитология, бак.посев) без приема гинеколога",600,600,0,10,"А11.20.005

А11.20.002
"
Кольпоскопия электронная,1800,1800,0,30,"А03.20.001
"
Консультация врача -гинеколога по беременности первичная,2000,2000,0,30,B01.001.004
Консультация врача -гинеколога по беременности повторная,2000,2000,0,30,"B01.001.005
"
Консультация врача гинеколога по результатам анализов,1000,1000,0,30,
Консультация врача-гинеколога (повторный прием),2000,2000,0,30,"B01.001.002 
"
Консультация врача-гинеколога первичная,2000,2000,0,30,"B01.001.001 
"
"Консультация врача-гинеколога первичная + Программа ""Женское здоровье"" (УЗИ щитовидной железы с периферическими узлами, УЗИ органов малого таза (трансвагинально), УЗИ молочных желез с периферическими лимфоузлами)",6000,6000,0,90,"B01.001.001
А04.22.001
А04.20.001.001
A04.20.002"
Консультация врача-гинеколога первичная + УЗИ органов малого таза (трансвагинально),3300,3300,0,60,"B01.001.001 
A04.30.010
"
Пайпель биопсия эндометрия,1700,1700,0,10,"A11.20.003
"
Панч-биопсия вульвы,2500,2500,0,10,
"Перевязка, обработка швов",300,0,0,10,A16.01.004
Санация влагалища лекарственным препаратом,600,600,0,10,А14.20.001
Седация (медикаментозный сон) в гинекологии,0,5000,0,10,
Снятие послеоперационных швов,600,1000,0,10,"A16.30.069
"
Тампонация влагалища лекарственным препаратом,600,600,0,10,"A11.20.013
"
Удаление ВМС,1500,1500,0,10,"А11.20.015
"
"Удаление единичных папиллом, кондилом (до 3-х) аппаратом Фотек",1600,1600,0,10,A16.01.017.001
Удаление инородного тела из влагалища,1100,0,0,10,A16.20.059
"Удаление множественных  папиллом, кондилом (более 3-х) аппаратом Фотек",3200,3200,0,10,A16.01.017.001
УЗИ по беременности I триместр,1500,1500,0,10,"А04.30.001.001
"
Установка ВМС (без стоимости спирали),2500,2500,0,10,"А11.20.014
"
Установка ВМС Мирена (без стоимости спирали),5000,5000,0,10,
Электродеструкция наботовых кист шейки матки,5000,5000,0,10,A16.20.036.001
Электродеструкция участков шейки матки (Электроконизация),9000,9000,0,60,A16.20.036.001
Дерматологическая хирургия,,,,,
Наименование,Цена Климовск,Цена Подольск,Цена Кирова,Длительность,Код номенклатуры
Анестезия безинъекционная (5% гель Эмла) 1 зона,0,600,0,30,В01.003.004.004
Анестезия инъекционная (ультракаин/артикаин),0,700,0,30,В01.003.004.001
Анестезия инъекционная (ультракаин/артикаин) + 1 карпула,0,300,0,30,В01.003.004.001
Гистология,0,2500,0,5,16.0.А26.110
Гормонотерапия рубцов (препарат Дипроспан),0,2000,0,30,
Гормонотерапия рубцов (препарат Кеналог),0,1600,0,30,
"Консультация врача по лазерной хирургии  (повторная, в течение 2-х месяцев)",0,1500,0,30,B01.008.004
"Консультация врача по лазерной хирургии (повторная, более 2-х месяцев)",0,1700,0,30,B01.008.004
Консультация врача-по лазерной хирургии (первичная),0,2000,0,30,B01.008.003
Лазерная шлифовка кожи (1 см),0,1100,0,30,A22.01.002
Лазерное удаление 1 единицы образований на коже век и слизистых оболочек диаметром - до 1мм -единичный до 10шт,0,550,0,5,A16.01.017
Лазерное удаление 1 единицы образований на коже век и слизистых оболочек диаметром - до 2 мм -единичный,0,1900,0,5,A16.01.017
Лазерное удаление 1 единицы образований на коже век и слизистых оболочек диаметром - до 3 мм -единичный,0,2600,0,5,A16.01.017
Лазерное удаление 1 единицы образований на коже век и слизистых оболочек диаметром - до 4 мм -единичный,0,3600,0,5,A16.01.017
Лазерное удаление 1 единицы образований на коже век и слизистых оболочек диаметром - до 5 мм -единичный,0,5200,0,5,A16.01.017
Лазерное удаление 1 единицы образований на коже век и слизистых оболочек диаметром - до 6 мм -единичный,0,6900,0,5,A16.01.017
Лазерное удаление 1 единицы образований на коже век и слизистых оболочек диаметром - до 7мм -единичный,0,7900,0,5,A16.01.017
Лазерное удаление 1 единицы образований на коже век и слизистых оболочек диаметром - до 8мм -единичный,0,9500,0,5,A16.01.017
Лазерное удаление 1 единицы образований на коже век и слизистых оболочках диаметром до 1 мм - множественные (считать множественными 11-20шт),0,500,0,5,A16.01.017
Лазерное удаление 1 единицы образований на коже/лицо диаметром - до 15-19мм -единичный,0,7700,0,5,A16.01.017
Лазерное удаление 1 единицы образований на коже/лицо диаметром - до 1мм - множественные (считать множественными 10-20шт),0,300,0,5,A16.01.017
Лазерное удаление 1 единицы образований на коже/лицо диаметром - до 1мм -единичный,0,330,0,5,A16.01.017
Лазерное удаление 1 единицы образований на коже/лицо диаметром - до 2 мм -единичный,0,1000,0,5,A16.01.017
Лазерное удаление 1 единицы образований на коже/лицо диаметром - до 3 мм -единичный,0,1600,0,5,A16.01.017
Лазерное удаление 1 единицы образований на коже/лицо диаметром - до 4 мм -единичный,0,2200,0,5,A16.01.017
Лазерное удаление 1 единицы образований на коже/лицо диаметром - до 5 мм -единичный,0,2600,0,5,A16.01.017
Лазерное удаление 1 единицы образований на коже/лицо диаметром - до 6 мм -единичный,0,3000,0,5,A16.01.017
Лазерное удаление 1 единицы образований на коже/лицо диаметром - до 7мм -единичный,0,3300,0,5,A16.01.017
Лазерное удаление 1 единицы образований на коже/лицо диаметром - до 8мм -единичный,0,3700,0,5,A16.01.017
Лазерное удаление 1 единицы образований на коже/лицо диаметром - до 9-14мм -единичный,0,5300,0,5,A16.01.017
Лазерное удаление 1 единицы образований на коже/тело диаметром - до 15-19 мм -единичный,0,5200,0,5,A16.01.017
Лазерное удаление 1 единицы образований на коже/тело диаметром - до 1мм - множественные (считать множественными 10-20шт),0,190,0,5,A16.01.017
Лазерное удаление 1 единицы образований на коже/тело диаметром - до 1мм -единичный,0,200,0,5,A16.01.017
Лазерное удаление 1 единицы образований на коже/тело диаметром - до 2 мм -единичный,0,650,0,5,A16.01.017
Лазерное удаление 1 единицы образований на коже/тело диаметром - до 3 мм -единичный,0,1200,0,5,A16.01.017
Лазерное удаление 1 единицы образований на коже/тело диаметром - до 4 мм -единичный,0,1500,0,5,A16.01.017
Лазерное удаление 1 единицы образований на коже/тело диаметром - до 5 мм -единичный,0,1700,0,5,A16.01.017
Лазерное удаление 1 единицы образований на коже/тело диаметром - до 6 мм -единичный,0,1900,0,5,A16.01.017
Лазерное удаление 1 единицы образований на коже/тело диаметром - до 7мм -единичный,0,2200,0,5,A16.01.017
Лазерное удаление 1 единицы образований на коже/тело диаметром - до 8мм -единичный,0,2600,0,5,A16.01.017
Лазерное удаление 1 единицы образований на коже/тело диаметром - до 9-14 мм -единичный,0,3700,0,5,A16.01.017
Лазерное удаление 1 единицы образований на реснитчатом крае век диаметром - до 1мм -единичный,0,1800,0,5,A16.01.017
Лазерное удаление 1 единицы образований на реснитчатом крае век диаметром - до 2 мм -единичный,0,3800,0,5,A16.01.017
Лазерное удаление 1 единицы образований на реснитчатом крае век диаметром - до 3 мм -единичный,0,6000,0,5,A16.01.017
Лазерное удаление 1 единицы образований на реснитчатом крае век диаметром - до 4 мм -единичный,0,7700,0,5,A16.01.017
Лазерное удаление 1 единицы образований на реснитчатом крае век диаметром - до 5 мм -единичный,0,9900,0,5,A16.01.017
Перевязка,0,1400,0,10,A15.01.001
Радикальная операция по удалению вросшего ногтя (2 стороны),0,10000,0,30,
Радикальная операция по удалению вросшего ногтя(1 сторона),0,6000,0,30,
Снятие швов - перевязка,0,1200,0,10,
Хирургическое удаление новообразований кожа/тело 12-22 мм разреза,0,15000,0,40,
Хирургическое удаление новообразований кожа/тело 22-32 мм разреза,0,20000,0,40,
Хирургическое удаление новообразований кожа/тело 32-42 мм разреза,0,25000,0,40,
Хирургическое удаление новообразований кожа/тело 42-52 мм разреза,0,30000,0,40,
Хирургическое удаление новообразований кожа/тело 5-6 мм до 12 мм разреза,0,10000,0,40,
Шовный материал импортный,0,900,0,5,
Шовный материал отечественный,0,500,0,5,
Дерматолого-косметология,,,,,
Наименование,Цена Климовск,Цена Подольск,Цена Кирова,Длительность,Код номенклатуры
"Анестезия безинъекционная (5% гель Эмла, Акриол Про) 1 зона",0,600,0,20,B01.003.004.001
"Анестезия инъекционная (Убистезин, Ультракаин, Артикаин)",0,700,0,5,B01.003.004.001
"Введение искусственных наполнителей в мягкие ткани с целью коррекции формы - Контурная пластика STYLAGE M , 1 мл, Франция",0,17000,0,90,A11.01.013
"Введение искусственных наполнителей в мягкие ткани с целью коррекции формы - Контурная пластика STYLAGE S, 0,8 мл, Франция",0,15000,0,90,A11.01.013
"Введение искусственных наполнителей в мягкие ткани с целью коррекции формы - Контурная пластика губ Juvederm ULTRA Smile 0,55 мл",0,13000,0,90,A11.01.013
Взятие материала на демодекс,0,400,0,10,A11.01.009
Взятие образца биологического материала из очагов поражения на патологический грибок,0,400,0,10,A11.01.018
"Внутрикожное введение лекарственных препаратов (биоревитализация, гиалуроновый гель РЕВИ Силк (Revi Silk) 1.2%) 1 мл",0,12000,0,80,
"Внутрикожное введение лекарственных препаратов (биоревитализация, препарат РЕВИ 1% ) 1 мл",0,9000,0,60,A11.01.003
"Внутрикожное введение лекарственных препаратов (биорепарация , препарат ГИАЛРИПАЙЕР-02) 2,0 мл",0,13000,0,80,
"Внутрикожное введение лекарственных препаратов (биорепарация , препарат Гиалрипайер-06) 5 мл",0,6200,0,80,A11.01.003
"Внутрикожное введение лекарственных препаратов (биорепарация, препарат Гиалрипайер-02 )  1 мл",0,9400,0,80,A11.01.003
"Внутрикожное введение лекарственных препаратов (биорепарация, препарат Гиалрипайер-02 ) 1,5 мл",0,9400,0,80,A11.01.003
"Внутрикожное введение лекарственных препаратов (биорепарация, препарат Гиалрипайер-04)  1,5 мл",0,9400,0,80,A11.01.003
"Внутрикожное введение лекарственных препаратов (биорепарация, препарат Гиалрипайер-10) 5 мл",0,8000,0,80,A11.01.003
"Внутрикожное введение лекарственных препаратов (коллагенотерапия , препарат Гель КОЛЛОСТ 15%  (Россия)  1,0 мл",0,14000,0,60,
"Внутрикожное введение лекарственных препаратов (коллагенотерапия , препарат Гель КОЛЛОСТ 7%  (Россия)  1,5 мл",0,12000,0,60,A11.01.003
"Внутрикожное введение лекарственных препаратов (коллагенотерапия , препарат Гель КОЛЛОСТ 7%  (Россия) 0,1 мл (проба)",0,2400,0,40,A11.01.003
"Внутрикожное введение лекарственных препаратов (коллагенотерапия , препарат Гель КОЛЛОСТ 7% (Россия) 1 мл",0,9500,0,60,A11.01.003
"Внутримышечное введение лекарственных препаратов (ботулинотерапия, препарат Ксеомин)  1 ед",0,200,0,60,A11.02.002
"Внутримышечное введение лекарственных препаратов (ботулинотерапия, препарат Релатокс) 1 ед",0,300,0,60,A11.02.002
"Внутримышечное введение лекарственных препаратов (ботулинотерапия, препарат Релатокс) 10 ед.",0,3000,0,60,A11.02.002
"Внутримышечное введение лекарственных препаратов (ботулинотерапия, препарат Релатокс) 15 ед.",0,4500,0,60,A11.02.002
"Внутримышечное введение лекарственных препаратов (ботулинотерапия, препарат Релатокс) 2 ед",0,600,0,60,A11.02.002
"Внутримышечное введение лекарственных препаратов (ботулинотерапия, препарат Релатокс) 20 ед.",0,6000,0,60,A11.02.002
"Внутримышечное введение лекарственных препаратов (ботулинотерапия, препарат Релатокс) 3 ед.",0,900,0,60,A11.02.002
"Внутримышечное введение лекарственных препаратов (ботулинотерапия, препарат Релатокс) 5 ед.",0,1500,0,60,A11.02.002
Внутримышечное введение лекарственных препаратов - Лечение гипергидроза ( препарат Релатокс ) 1 ед.,0,250,0,5,A11.02.002
Внутримышечное введение лекарственных препаратов - Лечение гипергидроза (препарат Релатокс 50 ед),0,15000,0,80,A11.02.002
Внутриочаговое введение гормональных препаратов (Кеналог),0,1800,0,30,A11.01.002
"Внутриочаговое введение лекарственных средств (линкомицин, дипроспан, лидокаин)",0,1800,0,40,A11.01.002
"Глубокое увлажнение. Anti-age уход для обезвоженной кожи любого типа. Увлажнение, разглаживание морщин.",0,3500,0,80,А14.01.005
Дарсонализация волос,0,700,0,30,A17.01.007
Дарсонвализация кожи (1 зона),0,700,0,20,A17.01.007
Дарсонвализация кожи (лицо),0,700,0,30,A17.01.007
Карбоновый лазерный пилинг (аппарат INOVATION PRO) - декольте,0,2500,0,60,A17.01.008
Карбоновый лазерный пилинг (аппарат INOVATION PRO) - лицо,0,2500,0,60,A17.01.008
Карбоновый лазерный пилинг (аппарат INOVATION PRO) - лицо + декольте,0,3900,0,60,A17.01.008
Карбоновый лазерный пилинг (аппарат INOVATION PRO) - лицо + декольте + кисти рук,0,4900,0,60,A17.01.008
Карбоновый лазерный пилинг (аппарат INOVATION PRO) - лицо + шея,0,3900,0,60,A17.01.008
Карбоновый лазерный пилинг (аппарат INOVATION PRO) - лицо + шея+декольте,0,4900,0,60,A17.01.008
Картирование частичное (до 5-ти образований) с заключением на аппарате РДС-3,0,3500,0,40,
Картирование. Паспорт родинок с заключением на аппарате РДС-3 (до 30 новообразований) результат на флеш-карте,0,6000,0,40,
Картирование. Паспорт родинок с заключением на аппарате РДС-3 (до 50 новообразований) результат на флеш-карте,0,8000,0,60,
Комбинированная чистка лица (механическая + ультразвуковая),0,3800,0,120,A14.01.005
Комплексная программа: Тотальное бикини + подмышки,0,3400,0,40,A14.01.013
Консультация врача-трихолога + трихометрия,0,3000,0,60,
Крем для лица по типу кожи,0,250,0,5,
Лимфодренажный массаж лица,0,1600,0,60,A21.01.006
Маски уходовые по типу кожи,0,400,0,20,A14.01.012
Массаж лица медицинский (классический),0,1600,0,60,
Массаж лица медицинский (лимфодренажный),0,1600,0,60,A21.01.002
Массаж лица медицинский (пластический),0,1600,0,60,A21.01.002
"Мезотерапия волосистой части головы, 1 амп  CURACEN",0,5800,0,60,A11.01.003
"Мезотерапия лицо + зона декольте, 2 амп  CURACEN",0,11200,0,60,A11.01.003
"Мезотерапия по лицу, 1 амп CURACEN",0,5800,0,60,A11.01.003
Механическая чистка (спина),0,3000,0,80,A14.01.009
Механическая чистка лица,0,3500,0,90,A14.01.009
Микроскопия волос (трихометрия),0,1500,0,50,А03.01.001
Микротоковая терапия с сывороткой по типу кожи (30 мин),0,2000,0,60,A17.01.010
Микротоковая терапия тела,0,2000,0,60,A17.01.010
"Нанесение сывороток, концентратов",0,380,0,5,
"Обновляющий уход. Уменьшение воспаления, выравнивание рельефа, цвета и тона кожа",0,3500,0,80,А14.01.005
Осмотр кожи под увеличением (дерматоскопия),0,500,0,20,A03.01.001
Очищение кожи лица и шеи ( Салициловый  химический пилинг)  45 мин,0,2000,0,45,A14.01.005
Очищение кожи лица и шеи (Миндальный химический пилинг)  45 мин,0,2000,0,45,A14.01.005
Перерыв,0,1,0,15,
Плазмотерапия. Волосистая часть головы,0,3400,0,60,A11.01.003
Плазмотерапия. декольте,0,3400,0,60,A11.01.003
Плазмотерапия. Кисти,0,3400,0,60,A11.01.003
Плазмотерапия. Лицо,0,3400,0,60,A11.01.003
Плазмотерапия. Лицо + шея,0,5200,0,95,A11.01.003
Плазмотерапия. Лицо+шея+декольте,0,6200,0,100,A11.01.003
Плазмотерапия. Область век,0,3400,0,60,A11.01.003
Плазмотерапия. Шея,0,2800,0,60,A11.01.003
Получение соскоба с эрозивно-язвенных элементов кожи и слизистых оболочек,0,400,0,10,A11.01.019
"Прием (осмотр, консультация) врача-дерматовенеролога первичный",0,2000,0,30,B01.008.001
"Прием (осмотр, консультация) врача-дерматовенеролога повторный, в течение 2-х месяцев",0,2000,0,30,B01.008.002
"Прием (осмотр, консультация) врача-косметолога первичный",0,2000,0,30,B01.008.003
"Прием (осмотр, консультация) врача-косметолога повторный",0,2000,0,30,
"Прием врача-трихолога, первичный",0,2000,0,30,
"Прием врача-трихолога, первичный (повторный, в течении 2-х месяцев)",0,2000,0,30,
"Программа Лайт ( тотальное бикини, подмышки, голени)",0,5800,0,60,A14.01.013
"Программа Оптимальный ( тотальное бикини, подмышки, ноги полностью)",0,9900,0,60,A14.01.013
"Программа Премиум ( тотальное бикини, подмышки, ноги полностью, руки полностью)",0,12900,0,100,A14.01.013
Сертификат.,0,500,0,5,
Удаление бородавок (лицо) 1-2 мм,0,350,0,40,A17.30.021
Удаление бородавок (лицо) 1-2 мм от 10шт,0,300,0,60,A16.01.017.001.2
Удаление бородавок (лицо) 2-5 мм,0,600,0,40,A17.30.021
Удаление доброкачественных новообразований кожи (лицо) 3-5 мм,0,600,0,30,A17.30.021
Удаление доброкачественных новообразований кожи (лицо) более 5 мм,0,1200,0,40,A17.30.021
Удаление доброкачественных новообразований кожи (лицо) до 3 мм,0,350,0,30,A17.30.021
Удаление доброкачественных новообразований кожи (лицо) до 3 мм более 10шт,0,300,0,40,A17.30.021
Удаление доброкачественных новообразований кожи (лицо) до 3 мм более 20шт,0,200,0,60,A17.30.021
"Удаление доброкачественных новообразований кожи (шея, тело) 3-5 мм",0,600,0,30,A17.30.021
"Удаление доброкачественных новообразований кожи (шея, тело) более 5 мм",0,1000,0,30,A17.30.021
"Удаление доброкачественных новообразований кожи (шея, тело) до 3 мм более 10шт",0,300,0,60,A17.30.021
"Удаление доброкачественных новообразований кожи (шея, тело) до 3 мм более 20шт",0,200,0,60,A17.30.021
"Удаление доброкачественных новообразований кожи (шея, тело) до 3 мм до 10шт",0,350,0,30,A17.30.021
Удаление контагиозных моллюсков (механическим способом) за 1 шт,0,400,0,30,A16.01.020
Удаление милиумов кожи (механическим способом) 1-3 шт,0,400,0,30,A14.01.010
Удаление милиумов кожи (механическим способом) 10 и более шт,0,150,0,40,A14.01.010
Удаление милиумов кожи (механическим способом) 3-10 шт,0,250,0,30,A14.01.010
"Удаление пигментных пятен (локальный участок 1 – 4,5 кв.см)",0,900,0,30,
Удаление сосудов. Крылья носа,0,1500,0,30,A22.01.001
Удаление сосудов. Одиночный сосуд,0,900,0,30,A22.01.001
Удаление сосудов. Щеки,0,2300,0,30,A22.01.001
Удаление сосудов: Лоб,0,1500,0,30,A22.01.001
Удаление сосудов: Нос,0,1500,0,30,A22.01.001
Удаление сосудов: Подбородок,0,1500,0,30,A22.01.001
Ультразвуковая терапия лица,0,2400,0,40,A22.01.001
"Ультразвуковой пилинг (демакияж, чистка, маска, крем)",0,3000,0,60,A22.01.001.002
"Универсальный уход для обезвоженной кожи любого типа (очищение, тонизация, активный уход, сыворотки, массаж, маска по типу кожи/альгинатная, крем)",0,3500,0,80,А14.01.005
Уход за жирной кожей (Атравматичная чистка),0,3500,0,80,А14.01.005
Фотоомоложение  Anti-Age (аппарат INOVATION PRO) - лицо,0,3500,0,40,A22.01.001
Фотоомоложение  Anti-Age (аппарат INOVATION PRO) - лицо и шея,0,5000,0,60,A22.01.001
"Фотоомоложение  Anti-Age (аппарат INOVATION PRO) - лицо, шея и декольте",0,6500,0,60,A22.01.001
Фотопроба,0,1,0,5,
Фракционная мезотерапия. Лицо,0,3000,0,60,A11.01.003
Фракционная мезотерапия. Лицо (две ампулы),0,3500,0,60,A11.01.003
Фракционная мезотерапия. Лицо + шея,0,4300,0,60,A11.01.003
Фракционная мезотерапия. Лицо + шея + зона декольте,0,4900,0,60,A11.01.003
Эпиляция IPLaser (аппарат INOVATION PRO) - бедра,0,3500,0,30,A14.01.013
Эпиляция IPLaser (аппарат INOVATION PRO) - бикини классическое,0,1500,0,30,A14.01.013
Эпиляция IPLaser (аппарат INOVATION PRO) - бикини тотальное,0,2300,0,45,A14.01.013
Эпиляция IPLaser (аппарат INOVATION PRO) - верхняя губа,0,700,0,30,A14.01.013
Эпиляция IPLaser (аппарат INOVATION PRO) - голени,0,3500,0,30,A14.01.013
Эпиляция IPLaser (аппарат INOVATION PRO) - грудь (ареолы),0,700,0,30,A14.01.013
Эпиляция IPLaser (аппарат INOVATION PRO) - живот полностью,0,2200,0,30,
Эпиляция IPLaser (аппарат INOVATION PRO) - линия живота,0,700,0,30,A14.01.013
Эпиляция IPLaser (аппарат INOVATION PRO) - лицо полностью,0,2200,0,40,A14.01.013
Эпиляция IPLaser (аппарат INOVATION PRO) - ноги полностью,0,6900,0,45,A14.01.013
Эпиляция IPLaser (аппарат INOVATION PRO) - подбородок,0,800,0,30,A14.01.013
Эпиляция IPLaser (аппарат INOVATION PRO) - подмышки,0,1200,0,30,A14.01.013
Эпиляция IPLaser (аппарат INOVATION PRO) - руки до локтя,0,1500,0,30,A14.01.013
Эпиляция IPLaser (аппарат INOVATION PRO) - руки полностью,0,2800,0,40,A14.01.013
Эпиляция IPLaser (аппарат INOVATION PRO) - щеки,0,900,0,30,A14.01.013
Эпиляция IPLaser (аппарат INOVATION PRO)- мужчины: грудь полностью,0,3400,0,30,A14.01.013
Эпиляция IPLaser (аппарат INOVATION PRO)- мужчины: живот дорожка,0,900,0,30,A14.01.013
Эпиляция IPLaser (аппарат INOVATION PRO)- мужчины: живот полностью,0,2200,0,30,A14.01.013
Эпиляция IPLaser (аппарат INOVATION PRO)- мужчины: лицо полностью,0,3400,0,30,A14.01.013
Эпиляция IPLaser (аппарат INOVATION PRO)- мужчины: плечи,0,1800,0,30,A14.01.013
Эпиляция IPLaser (аппарат INOVATION PRO)- мужчины: подмышки,0,1600,0,30,A14.01.013
Эпиляция IPLaser (аппарат INOVATION PRO)- мужчины: предплечья,0,2200,0,30,A14.01.013
Эпиляция IPLaser (аппарат INOVATION PRO)- мужчины: спина полностью,0,3600,0,30,A14.01.013
Диетология,,,,,
Наименование,Цена Климовск,Цена Подольск,Цена Кирова,Длительность,Код номенклатуры
Акция Первичный прием диетолога + Биоимпедансометрия,0,3000,0,60,"B01.013.001
A05.30.014"
"Определение процентного соотношения воды, мышечной и жировой ткани с помощью биоимпедансметра",0,2000,0,30,A05.30.014
Первичный прием диетолога,2000,2000,0,60,B01.013.001
Повторный прием диетолога,2000,2000,0,60,B01.013.002
Составление индивидуального рациона на 1 месяц,10000,10000,0,10,
Иглорефлексотерапия,,,,,
Наименование,Цена Климовск,Цена Подольск,Цена Кирова,Длительность,Код номенклатуры
"Прием (осмотр, консультация) врача-рефлексотерапевта первичный",0,0,1000,15,B01.041.001
"Прием (осмотр, консультация) врача-рефлексотерапевта повторный",0,0,1000,15,B01.041.002
Процедура комплексной программы рефлексотерапии сеанс 50 мин,0,0,4500,50,
Процедура рефлексотерапии расширенный сеанс 55 мин,0,0,4500,55,
Процедура рефлексотерапии сеанс 40 мин,0,0,3500,40,
Кардиология,,,,,
Наименование,Цена Климовск,Цена Подольск,Цена Кирова,Длительность,Код номенклатуры
"Кардиокомплекс (Эхо-сердца, ЭКГ, приём кардиолога)",5200,5200,5200,100,"В01.015.001
А05.10.004
A04.10.002"
"Кардиологический комплекс детский (Эхо сердца, ЭКГ, прием кардиолога)",0,5500,5500,100,"B01.015.003
А05.10.004
A04.10.002"
Прием детского кардиолога,0,2300,2300,50,B01.015.003
Прием детского кардиолога +Эхо сердца,0,4900,4900,80,B01.015.003
Прием кардиолога,2000,2000,2000,30,В01.015.001
Прием кардиолога (повторно),2000,2000,2000,30,В01.015.002
Прием кардиолога на дому (выезд) + ЭКГ с расшифровкой,4000,4000,4000,5,"В01.015.001
А05.10.004"
ЭКГ у кардиолога,1000,1000,1000,5,А05.10.004
Косметика,,,,,
Наименование,Цена Климовск,Цена Подольск,Цена Кирова,Длительность,Код номенклатуры
"Intense Clearing Mask, 75 ml",0,4500,0,5,
"Janssen  1900  Eye Flash Fluid  7 x 1,5 мл  Увлажняющая и восстанавливающая сыворотка в ампулах для контура глаз",0,2100,0,5,
Janssen  1912 Instant Soothing Oil 7 х 2 мл Мгновенно успокаивающее масло для чувствительной кожи,0,2100,0,5,
"Janssen  1917  Skin Contour Fluid  7 х 2 мл  Anti-age лифтинг-сыворотка в ампулах с пептидами, стимулирующими синтез эластина",0,2100,0,5,
"Janssen  1941  Normalizing Fluid (oily, acne prone skin)   7х2мл  Нормализующий концентрат для ухода за жирной кожей",0,2100,0,5,
Janssen  1951  Hyaluron Fluid  7x2мл  Ультраувлажняющая сыворотка с гиалуроновой кислотой,0,2100,0,5,
"Janssen  3360  Dark Circle Eye Cream  15 мл  Универсальный увлажняющий крем  для глаз от темных кругов, отеков и морщин",0,2100,0,5,
Janssen  4040 Intense Clearing Mask 75 мл Интенсивно очищающая маска,4100,0,0,5,
Janssen  6611  Tinted Balancing Cream  50 мл  Балансирующий крем с тонирующим эффектом,0,2800,0,5,
Janssen  6620  Perfect Balancing Cream  50 мл  Балансирующий крем-бальзам,0,3100,0,5,
Janssen 026M Vital Eye Care 10 капсул. Капсулы для глаз,0,900,0,5,
Janssen 1110 Perfect Lift Cream 50 мл Anti-age лифтинг-крем,0,4900,0,5,
Janssen 1110P Perfect Lift Cream 150 мл Anti-age лифтинг-крем с комплексом Cellular Regeneration,0,5900,0,5,
Janssen 1130P Age Perfecting Serum 50 мл Anti-age разглаживающая и укрепляющая сыворотка с комплексом Cellular Regeneration,0,5800,0,5,
Janssen 1140 Rejuvenating Mask 50 мл Омолаживающая крем-маска с комплексом Cellular Regeneration,0,4800,0,5,
Janssen 1160 Tri-Care Eye Cream 15 мл Омолаживающий укрепляющий крем для контура глаз с комплексом Cellular Regeneration,0,4800,0,5,
Janssen 1170M Капсулы с фитоэстрогенами и гиалуроновой кислотой,0,1200,0,5,
Janssen 1190 Instant Lift Serum  30 мл Anti-age лифтинг-сыворотка мгновенного действия с комплексом Cellular Regeneration,0,5500,0,5,
Janssen 1190 Instant Lift Serum  50 мл Anti-age лифтинг-сыворотка мгновенного действия с комплексом Cellular Regeneration,0,5900,0,5,
Janssen 1995P Stem Cell Fluid Сыворотка в ампулах для клеточного обновления,0,2600,0,5,
Janssen 2501 Goodnight Lip Mask 15 мл Ночная восстанавливающая маска для губ,0,3200,0,5,
Janssen 2502 Goodnight Hand Mask 75 мл Ночная маска для рук,0,2600,0,5,
Janssen 2600 Caviar Luxury Cream 50 мл Роскошный,0,5800,0,5,
Janssen 2910 Skin Detox Cream 50 мл Антиоксидантный детокс-крем,0,4100,0,5,
Janssen 3300P Melafadin Cleansing Powder Осветляющая очищающая пудра 100 г,0,3900,0,5,
Janssen 3321 Brightening Night Care 50 мл Осветляющий ночной крем,0,3200,0,5,
"Janssen 3360P Dark Circle Eye Cream 30 мл Универсальный увлажняющий крем  для глаз от темных кругов, отеков и морщин",0,4200,0,5,
Janssen 5090 DEEP XPRESS HYDRO MASK 75 мл Гель-маска для мгновенного и глубокого увлажнения,0,4200,0,5,
Janssen Inspira 4200 Sun Guard SPF 30 Солнцезащитная эмульсия SPF 30 (50 мл),0,2700,0,5,
Janssen Inspira 4230 Sun Guard SPF 50 Солнцезащитная эмульсия SPF 50 (150 мл),0,4200,0,5,
Janssen Ампульные концентраты (сыворотки) для здоровья и молодости кожи (3шт в 1 уп),0,1200,0,5,
"Коллост спрей постпроцедурный / COLLOST CARE POST-PROCEDURE SPRAY, 100 МЛ",0,2100,0,5,
КТ,,,,,
Наименование,Цена Климовск,Цена Подольск,Цена Кирова,Длительность,Код номенклатуры
Выдача дубликатов результатов исследования (протокол исследования с заключением и снимки),0,500,500,10,
Дополнительная запись результатов исследования на компакт-диск КТ,0,200,200,4,
Задержка КТ,0,0,0,15,
Запись результатов иследования на пленку,0,500,500,10,
Запись результатов исследования на флеш- карту,0,500,500,10,
Консультация врача-ренгенолога высшей категории (о целесообразности и порядке проведения колоноскопии),0,1500,1500,30,B01.039.001
Контраст для колоноскопии (залоговая стоимость),0,500,500,10,
"МСКТ брюшной полости и забрюшинного пространства (печень, поджелудочная железа, селезенка, желчный пузырь, почки, надпочечники)",0,5900,5900,15,A06.30.005.001
МСКТ виртуальная колоноскопия,0,9800,9800,30,A06.18.004
МСКТ височно-нижнечелюстного сустава,0,4300,4300,15,A06.04.020
МСКТ височно-нижнечелюстного сустава ( с закрытым ртом),0,3700,3700,15,A06.04.020
МСКТ височных костей,0,4300,4300,15,A06.25.003
МСКТ голеностопного сустава (1 сустав),0,3800,3800,15,A06.04.017
МСКТ голеностопного сустава (2 сустава),0,6000,6000,15,A06.04.017
МСКТ головного мозга,0,3700,3700,15,A06.23.004
МСКТ головного мозга и придаточных пазух носа,0,4800,4800,15,"A06.23.004
A06.08.007.003"
МСКТ головы (обзорная),0,4300,4300,15,"А06.03.002
А06.23.004"
МСКТ гортани,0,4300,4300,15,A06.08.007.001
МСКТ грудного отдела позвоночника,0,3700,3700,15,А06.03.058
МСКТ зубочелюстной системы,0,5000,5000,15,А06.07.013
МСКТ кисти (1 конечности),0,3800,3800,15,A06.04.017
МСКТ кисти (2 конечности),0,6000,6000,15,A06.04.017
МСКТ коленного сустава (1 сустав),0,3800,3800,15,A06.04.017
МСКТ коленного сустава (2 сустава),0,6000,6000,15,A06.04.017
МСКТ костей таза,0,4300,4300,15,A06.03.069
МСКТ костей черепа (одна область),0,3700,3700,15,А06.03.002
"МСКТ кости (плечо, предплечье, бедро, голень)",0,3800,3800,15,A06.03.062
МСКТ локтевого сустава (1 сустав),0,3800,3800,15,A06.04.017
МСКТ локтевого сустава (2 сустава),0,6000,6000,15,A06.04.017
МСКТ лучезапястного сустава (1 сустав),0,3800,3800,15,A06.04.017
МСКТ лучезапястного сустава (2 сустава),0,6000,6000,15,A06.04.017
"МСКТ мочевыводящей системы (почки, мочевой пузырь, мочеточники) на предмет мочекаменной болезни",0,5900,5900,15,А06.28.009
МСКТ околоносовых пазух,0,3900,3900,15,A06.08.007.003
МСКТ околоносовых пазух в 2-х проекциях,0,3900,3900,15,A06.08.007.003
МСКТ орбит,0,3700,3700,15,А06.26.006
МСКТ органов брюшной полости и грудной клетки,0,7600,7600,15,"A06.09.005
A06.30.005.002"
МСКТ органов брюшной полости и малого таза,0,8100,8100,15,"A06.30.005.001
A06.20.002.001"
МСКТ органов брюшной полости и поясничного отдела позвоночника,0,7200,7200,15,"A06.30.005.001
A06.03.058"
МСКТ органов грудной клетки и брюшной полости с оценкой грудного и поясничного отдела позвоночника,0,10300,10300,15,"A06.20.002.001
A06.30.005.002
А06.03.058"
"МСКТ органов грудной клетки, брюшной полости, малого таза",0,10200,10200,15,"A06.09.005
A06.30.005.001
A06.20.002.001"
МСКТ органов грудной полости,0,3900,3900,10,A06.09.005
МСКТ органов грудной полости (исследование на вдохе и выдохе),0,4300,4300,15,A06.09.005
МСКТ органов грудной полости и грудного отдела позвоночника,0,5800,5800,15,"A06.09.005
A06.03.058"
"МСКТ органов малого таза (мочевой пузырь, предстательная железа, матка, яичники)",0,4800,4800,15,A06.20.002.001
МСКТ оценка коронарного кальция,0,3900,3900,30,
МСКТ плечевого сустава (1 сустав),0,3800,3800,15,A06.04.017
МСКТ пояснично-крестцового отдела позвоночника,0,3700,3700,15,А06.03.058
МСКТ поясничного отдела и тазобедренных суставов,0,6300,6300,15,"А06.03.058
A06.04.017"
МСКТ стопы (1 конечности),0,3800,3800,15,A06.04.017
МСКТ стопы (2 конечности),0,6000,6000,15,A06.04.017
МСКТ тазобедренных суставов,0,3800,3800,15,A06.04.017
МСКТ шеи,0,3700,3700,15,A06.08.009.001
МСКТ шеи и шейного отдела позвоночника,0,6000,6000,15,"A06.08.009.001
А06.03.058"
МСКТ шейного отдела позвоночника,0,3700,3700,15,А06.03.058
Оценка динамики ( в случае непредоставления предыдущих результатов при прохождении обследования,0,1000,1000,40,
КТ-КОНТРАСТ,,,,,
Наименование,Цена Климовск,Цена Подольск,Цена Кирова,Длительность,Код номенклатуры
Контрастирование Омнипак 300/350 мг_,0,3600,3600,10,
МСКТ ангиография брюшной аорты и подвздошных артерий с болюсным контрастированием_,0,10500,10500,30,A06.12.052.001
МСКТ ангиография грудной аорты с болюсным контрастированием_,0,8100,8100,45,А06.12.052
"МСКТ ангиография грудной, брюшной аорты и подвздошных артерий с болюсным контрастированием_",0,14500,14500,45,"А06.12.052
A06.12.052.001
"
МСКТ ангиография сосудов головного мозга и сосудов шеи с болюсным контрастированием_,0,10500,10500,30,"А06.12.056
А06.12.058
"
МСКТ ангиография сосудов головного мозга с болюсным контрастированием_,0,8100,8100,30,А06.12.056
МСКТ ангиография сосудов шеи с болюсным контрастированием_,0,8100,8100,30,А06.12.058
МСКТ артерий нижних конечностей (бедренные артерии и артерии голени) с болюсным контрастированием_,0,10100,10100,30,A06.12.053
МСКТ брюшной аорты и артерий нижних конечностей с болюсным контрастированием_,0,14500,14500,30,"А06.12.052
A06.12.053
"
"МСКТ брюшной полости и забрюшинного пространства (печень, поджелудочная железа, селезенка, желчный пузырь, почки, надпочечники) с контрастом_",0,9500,9500,30,A06.30.005.002
МСКТ виртуальная колоноскопия с контрастом_,0,13400,13400,30,A06.18.004.001
МСКТ головного мозга +ангиография сосудов головного мозга с болюсным контрастированием_,0,10100,10100,30,"А06.23.004
А06.12.056"
МСКТ головного мозга с контрастом_,0,7300,7300,30,А06.23.004.006
МСКТ гортани с контрастом_,0,7900,7900,30,A06.08.007.002
"МСКТ мочевыводящей системы (почки, мочевой пузырь, мочеточники) на предмет мочекаменной болезни с контрастом_",0,9500,9500,30,A06.28.009.001
МСКТ органов брюшной полости и грудной клетки с контрастом_,0,11200,11200,30,"A06.30.005.002
A06.09.005.002
"
МСКТ органов брюшной полости и малого таза с контрастом_,0,11700,11700,30,"A06.30.005.002
A06.20.002.002"
МСКТ органов брюшной полости и поясничного отдела позвоночника с контрастом_,0,10800,10800,30,"A06.30.005.002
A06.03.058.003
"
МСКТ органов грудной клетки и брюшной полости с оценкой грудного и поясничного отдела позвоночника с контрастом_,0,13900,13900,30,"A06.20.002.001
A06.30.005.002
A06.03.058.003"
"МСКТ органов грудной клетки, брюшной полости, малого таза с контрастом_",0,13800,13800,30,"A06.20.002.001
A06.30.005.002
A06.20.002.002"
МСКТ органов грудной полости и грудного отдела позвоночника с контрастом_,0,9400,9400,30,"A06.09.005.002
A06.03.058.003"
МСКТ органов грудной полости с контрастом_,0,7500,7500,30,A06.09.005.002
"МСКТ органов малого таза (мочевой пузырь, предстательная железа, матка, яичники) с контрастом_",0,8400,8400,30,A06.20.002.002
МСКТ подвздошных артерий и артерий нижних конечностей с болюсным контрастированием_,0,13100,13100,30,A06.12.053
МСКТ шеи + ангиография сосудов шеи с болюсным контрастированием_,0,10100,10100,30,"A06.08.009.001
А06.12.058
"
МСКТ шеи и шейного отдела позвоночника с контрастом_,0,9600,9600,30,"A06.08.009.002
A06.03.058.003"
МСКТ шеи с контрастом_,0,7300,7300,30,A06.08.009.002
Массаж,,,,,
Наименование,Цена Климовск,Цена Подольск,Цена Кирова,Длительность,Код номенклатуры
МРТ,,,,,
Наименование,Цена Климовск,Цена Подольск,Цена Кирова,Длительность,Код номенклатуры
2 Коленных сустава,10200,10200,10200,40,A05.04.001
Выдача дубликатов результатов исследования (протокол исследования с заключением и снимки) МРТ,500,500,500,5,
Дополнительная запись результатов исследования на компакт-диск МРТ,200,200,200,5,
Дополнительная запись результатов исследования на флеш-карту,500,500,500,5,
Дополнительная запись результатов на пленку МРТ,500,500,500,5,
ЗАДЕРЖКА,1,1,1,60,
Консультация с врачом рентгенологом перед мрт Онкопоиск,0,1,0,5,
Контрастирование Омнискан,4100,4100,4100,10,A11.12.003.055
МР-ангиография артерий головного мозга,3800,3800,3800,20,A05.12.007.005
МР-ангиография артерий шеи,3800,3800,3800,20,A05.30.008
МР-ангиография вен головного мозга,3800,3800,3800,20,A05.12.005
МР-ангиография вен и артерий головного мозга,6900,6900,6900,30,"A05.12.005
A05.12.004"
"МРТ брюшной полости и малого таза - печень, поджелудочная железа, селезенка, желчевыводящие пути+холангиография, матка, придатки, предстательная железа, мочевой пузырь)",10200,10200,10200,90,"A05.30.005
A05.30.004
A05.14.002"
МРТ височно-нижнечелюстного сустава (пара),0,0,8000,50,
МРТ височно-нижнечелюстного сустава (пара) с регистратором/капой  (выдается лечащим врачом),0,0,9000,60,
"МРТ всего позвоночника (шейный, грудной, пояснично-крестцовый)",10900,10900,10900,40,"A05.03.002.002
A05.03.002.003
A05.03.002.004"
МРТ гипофиза головного мозга,4500,4500,4500,20,А05.22.002
МРТ голеностопного сустава (1 сустав),5100,5100,5100,20,A05.04.001
МРТ головного мозга (обзорная),4700,4700,4700,20,А05.23.009
МРТ головного мозга + ангиография вен головного мозга (венография),5900,5900,5900,30,"A05.23.009
A05.12.005"
МРТ головного мозга + гипофиз,5900,5900,5900,30,"А05.23.009
А05.22.002"
МРТ головного мозга + глазные орбиты,5900,5900,5900,30,"А05.23.009
A05.26.008"
МРТ головного мозга + придаточные пазухи носа,5900,5900,5900,30,"А05.23.009
A05.08.001"
МРТ головного мозга + слуховые проходы,5900,5900,5900,30,"A05.23.009
A05.23.009.020"
МРТ головного мозга для подготовки к процедуре гамма-нож,8100,8100,8100,40,A05.23.009.018
МРТ головного мозга и ангиография артерий,6400,6400,6400,30,"A05.23.009.018
A05.12.004"
МРТ головного мозга и ангиография вен и артерий,7400,7400,7400,30,"A05.23.009
A05.12.007"
МРТ головного мозга при деменции,5900,5900,5900,30,А05.23.009.002
МРТ головного мозга при нейроваскулярном конфликте,5900,5900,5900,30,А05.23.009.003
МРТ головного мозга при эпилепсии,5900,5900,5900,30,А05.23.009.001
МРТ грудного отдела позвоночника,4700,4700,4700,20,A05.03.002.003
МРТ диффузия всего тела. Онкопоиск (по результатам консультации с врачом ренгенологом),0,14000,0,80,
МРТ кисти,5500,5500,5500,40,А05.30.011.002
МРТ коленного сустава (1 сустав),5100,5100,5100,20,A05.04.001
МРТ копчика,4700,4700,4700,20,A05.03.002.004
МРТ крестцово-подвздошных сочленений,4700,4700,4700,20,A05.04.001.008
МРТ локтевого сустава (1 сустав),5500,5500,5500,30,A05.04.001
МРТ лучезапястного сустава (1 сустав),5500,5500,5500,40,A05.04.001
"МРТ мужских половых органов (половой член, мошонка)",6700,6700,6700,40,A05.21.001
"МРТ мужского малого таза и наружных половых органов (мочевой пузырь, предстательная железа, наружные половые органы)",9700,9700,9700,60,"A05.30.004
А05.21.001"
"МРТ мягких тканей - одна область (рука, нога, ягодицы, шея)",6700,6700,6700,40,A05.01.002
"МРТ органов брюшной полости (печень, поджелудочная железа, селезенка, желчевыводящие пути)",6900,6900,6900,40,A05.30.005
"МРТ органов брюшной полости (печень, поджелудочная железа, селезенка, желчевыводящие пути) + холангиография (изображение желчных протоков)",7500,7500,7500,40,"A05.30.005
A05.14.002"
"МРТ органов брюшной полости (печень, поджелудочная железа, селезенка, желчевыводящие пути) , брюшной отдел аорты",0,9000,9000,50,A05.30.005.003
"МРТ органов брюшной полости и забрюшинного пространства (печень, поджелудочная железа, селезенка, почки, надпочечники, желчевыводящие пути)",8400,8400,8400,40,"A05.30.005
A05.30.007"
"МРТ органов брюшной полости и забрюшинного пространства (печень, поджелудочная железа, селезенка, почки, надпочечники, желчевыводящие пути) + холангиография (изображение желчных протоков)",10900,10900,10900,40,
"МРТ органов женского малого таза (матка, придатки, мочевой пузырь)",6700,6700,6700,40,A05.30.004
"МРТ органов мужского малого таза (мочевой пузырь, предстательная железа, прямая кишка)",6700,6700,6700,40,A05.30.004
МРТ плечевого сустава (1 сустав),5500,5500,5500,30,A05.04.001
"МРТ почек, надпочечников",5800,5800,5800,30,A05.30.007
"МРТ почек, надпочечников + ангиография почечных артерий",0,6500,6500,30,
МРТ пояснично-крестцового отдела позвоночника,4700,4700,4700,20,A05.03.002.004
МРТ придаточных пазух носа,3900,3900,3900,20,A05.08.001
МРТ Слюнных желез,5300,5300,5300,30,А05.30.010
Мрт слюнных желез+сиалография (проходимость протоков),5700,5700,5700,40,А05.30.010.001
МРТ стопы,5500,5500,5500,40,A05.30.012.002
МРТ тазобедренных суставов (пара),5100,5100,5100,30,A05.04.001
"МРТ Центральной нервной системы (ЦНС) - головной мозг, вены и артерии, шейный отдел и артерии шеи, грудной, пояснично-крестцовый",19500,19500,19500,80,"A05.23.009
A05.12.007
А05.03.002
A05.30.008
A05.03.002.002
A05.03.002.003"
МРТ шейного отдела + ангиография артерий шеи,6400,6400,6400,30,"А05.03.002
A05.30.008"
МРТ шейного отдела позвоночника,4700,4700,4700,20,A05.03.002.002
Холангиография (изображение желчных протоков),5500,5500,5500,20,А06.28.009
МРТ-КОНТРАСТ,,,,,
Наименование,Цена Климовск,Цена Подольск,Цена Кирова,Длительность,Код номенклатуры
"МРТ всего позвоночника (шейный, грудной, пояснично-крестцовый) с контрастом",0,15000,15000,70,
МРТ головного мозга обзорная с контрастированием (Омнискан),8800,8800,8800,30,A05.23.009.001
"МРТ органов брюшной полости (печень, поджелудочная железа, селезенка, желчевыводящие пути) с контрастированием (Омнискан)",11000,11000,11000,50,A05.30.005.001
"МРТ органов брюшной полости и забрюшинного пространства (печень, поджелудочная железа, селезенка, почки, надпочечники, желчевыводящие пути) с контрастированием (Омнискан)",12500,12500,12500,50,"A05.30.005.001
A05.30.007.001"
"МРТ органов женского малого таза (матка, придатки, мочевой пузырь) с контрастированием (Омнискан)",10800,10800,10800,50,A05.30.004.001
"МРТ органов мужского малого таза (мочевой пузырь, предстательная железа, прямая кишка) с контрастированием (Омнискан)",10800,10800,10800,50,A05.30.004.001
Неврология,,,,,
Наименование,Цена Климовск,Цена Подольск,Цена Кирова,Длительность,Код номенклатуры
Ботулинотерапия 1 ед. в неврологии,0,300,0,40,
Ботулинотерапия мигрени по протоколу PREEMPT (Релатокс 100 ед),0,25000,0,45,
Ботулинотерапия мигрени по протоколу PREEMPT (Релатокс 50 ед),0,15000,0,45,
Локальная инъекционная терапия (блокада) одной зоны (анестетик + Дипроспан/Дипромета),2500,2500,2500,10,А.11.03.004
Локальная инъекционная терапия (блокада) одной зоны (анестетик + р-р дексаметазон/гидрокартизон),2000,2000,2000,10,А.11.03.004
Локальная инъекционная терапия (блокада) одной зоны (без стоимости лекарственного препарата),1500,1500,1500,10,А.11.03.004
Локальная озонотерапия в неврологии,1000,1000,1000,5,
Паравертебральная блокада,1000,1000,1000,10,А11.02.002.4
Паравертебральная блокада с нашим лекарственным средством,0,1500,1500,10,
"Прием (осмотр, консультация) детского врача-невролога",0,2300,2300,30,B01.023.001
"Прием ведущего специалиста, врача невролога",2500,2500,2500,30,
Прием невролога (первично),2000,2000,2000,30,В01.023.001
Прием невролога (повторно),2000,2000,2000,30,В01.023.002
Прием невролога при деменции с проведением нейропсихологических тестов (1 час),3000,3000,3000,60,В01.023.001
Репозиционный маневр (маневр Эпли) (лечение доброкачественного пароксизмального головокружения),1700,1700,1700,15,
Тестирование при деменции (нейропсихологические тесты) 30 мин,1700,1700,1700,30,
Фокусированная ударно-волновая терапия (ФУВТ) — 1 зона (3000 импульсов) в неврологии,0,2900,0,30,
Фокусированная ударно-волновая терапия (ФУВТ) — 1 зона (4000 импульсов) в неврологии,0,3800,0,30,
Фокусированная ударно-волновая терапия (ФУВТ) — 1 зона (4000 импульсов) курс из 3 процедур в неврологии,0,9500,0,30,
Фокусированная ударно-волновая терапия (ФУВТ) — 1 зона (4000 импульсов) курс из 5 процедур в неврологии,0,15000,0,30,
Фокусированная ударно-волновая терапия (ФУВТ) — 2 зоны (3000 импульсов) в неврологии,0,5800,0,30,
Озонотерапия,,,,,
Наименование,Цена Климовск,Цена Подольск,Цена Кирова,Длительность,Код номенклатуры
Озонотерапия 1 внутривенная процедура,1000,1000,1000,30, A20.30.024.006
Озонотерапия 1 внутривенная процедура + консультация,1500,1500,1500,10,"В01.050.001
A20.30.024.006"
Озонотерапия 1 внутривенная процедура 400 мл (1 час),1400,1400,1400,60, A20.30.024.006
Озонотерапия 2 обл,2000,2000,2000,30, A20.30.024.006
Озонотерапия курс из 5-ти внутривенных процедур,4000,4000,4000,30, A20.30.024.006
Озонотерапия курс из 5-ти внутривенных процедур (400 мл),6000,6000,6000,60, A20.30.024.006
Онкология,,,,,
Наименование,Цена Климовск,Цена Подольск,Цена Кирова,Длительность,Код номенклатуры
"Прием (осмотр, консультация) врача-онколога первичный",0,2000,0,30,
"Прием (осмотр, консультация) врача-онколога повторный",0,2000,0,30,
Остеопатия,,,,,
Наименование,Цена Климовск,Цена Подольск,Цена Кирова,Длительность,Код номенклатуры
Комплексная диагностика и изготовление индивидуальных ортопедических стелек (ФормТотикс),0,7500,7500,30,А23.30.001
Коррекция индивидуальных ортопедических стелек (ФормТотикс),0,1000,1000,30,А23.30.001
Остеопатическое лечение (дети с 1 года до 14 лет),0,6000,6000,70,"B01.069.001
"
Остеопатическое лечение (дети с 1 года до 14 лет) повторный прием,0,6000,6000,65,"B01.069.002
"
Остеопатическое лечение (с 14 лет и взрослые),0,7000,7000,70,"B01.069.001
"
Остеопатическое лечение (с 14 лет и взрослые) повторный приём,0,7000,7000,65,"B01.069.002
"
Отделение восстановительного лечения,,,,,
Наименование,Цена Климовск,Цена Подольск,Цена Кирова,Длительность,Код номенклатуры
Внутритканевая электростимуляция (ВТЭС) 1 процедура,0,1200,0,30,
Внутритканевая электростимуляция (ВТЭС) 10 процедур,0,9500,0,30,
Внутритканевая электростимуляция (ВТЭС) 3 процедуры,0,2900,0,30,
Внутритканевая электростимуляция (ВТЭС) 5 процедур,0,4900,0,30,
Внутритканевая электростимуляция (ВТЭС)+ Высокоинтенсивный лазер MLS,0,2000,0,30,
"ВТЭС + роликовый механический массаж, дозируемая вибрация, дозируемый подогрев, область + вытяжение шейного или поясничного отдела позвоночника 20 мин",0,3000,0,30,
"ВТЭС + роликовый механический массаж, дозируемая вибрация, дозируемый подогрев, область + вытяжение шейного или поясничного отдела позвоночника 20 мин, при оплате от 5 процедур",0,2500,0,30,
Высокоинтенсивная магнитотерапия (SIS)  +  Внутритканевая электростимуляция (ВТЭС),0,3000,0,30,
Высокоинтенсивная магнитотерапия (SIS)  + Высокоинтенсивный лазер MLS (курс из 10 процедур),0,30000,0,30,
Высокоинтенсивная магнитотерапия (SIS) (две зоны),0,3500,0,30,
Высокоинтенсивная магнитотерапия (SIS) (одна зона),0,2500,0,30,
Высокоинтенсивная магнитотерапия (SIS) (одна зона) курс из 3 процедур,0,6000,0,30,
Высокоинтенсивная магнитотерапия (SIS) (одна зона) курс из 5 процедур,0,10000,0,30,
Высокоинтенсивная магнитотерапия (SIS) + Высокоинтенсивный лазер MLS (курс из 10 процедур) + 5 Плазмотерапии (PRP-терапия),0,39000,0,30,
Высокоинтенсивная магнитотерапия (SIS) + Высокоинтенсивный лазер MLS (курс из 5 процедур),0,15000,0,30,
Высокоинтенсивная магнитотерапия (SIS) + Высокоинтенсивный лазер MLS (курс из 5 процедур) + 3 Плазмотерапии (PRP-терапия),0,19000,0,30,
Высокоинтенсивная магнитотерапия (SIS) + Высокоинтенсивный лазер MLS (курс из 7 процедур),0,21000,0,30,
Высокоинтенсивная магнитотерапия (SIS) + Высокоинтенсивный лазер MLS 2 зоны,0,5000,0,30,
Высокоинтенсивная магнитотерапия (SIS) 2 зоны + Высокоинтенсивный лазер MLS 1 зона,0,4000,0,30,
Высокоинтенсивный лазер MLS (2 зоны),0,3000,0,30,
Высокоинтенсивный лазер MLS (курс из 10 процедур),0,10000,0,30,
Высокоинтенсивный лазер MLS (курс из 5 процедур),0,6000,0,30,
Высокоинтенсивный лазер MLS + магнит SIS - 1 сеанс,0,3500,0,30,
Высокоинтенсивный лазер MLS + магнит SIS - 1 сеанс при условии прохождения курса,0,3000,0,30,
Высокоинтенсивный лазер MLS + Плазмотерапия (PRP-терапия),0,4000,0,30,
Высокоинтенсивный лазер MLS - 1 сеанс,0,1500,0,30,
Высокоинтенсивный лазер MLS - 1 сеанс + паравертебральная внутримышечная инъекция,0,2000,0,20,
Высокоинтенсивный лазер MLS 2 зоны  (курс из 3 процедур),0,7800,0,30,
Высокоинтенсивный лазер MLS 2 зоны  (курс из 5 процедур),0,12000,0,30,
Кинезиотейпирование 1 зона,0,500,0,5,
Кинезиотейпирование 2 зоны,0,1000,0,5,
"Курс по лечению грыжи   + роликовый механический массаж, дозируемая вибрация, дозируемый подогрев, область спина + вытяжение шейного или поясничного отдела позвоночника № 5 (20 мин) 10-12 сеансов",0,45000,0,30,
"Курсовое лечение (магнит 2 зоны, лазер или ВТЭС, роликовый механический массаж, дозируемая вибрация, дозируемый подогрев, область спина + вытяжение шейного или поясничного отдела позвоночника) 20 мин",0,5500,0,30,
"Курсовое лечение (магнит, лазер или ВТЭС, роликовый механический массаж, дозируемая вибрация, дозируемый подогрев, область спина + вытяжение шейного или поясничного отдела позвоночника) 20 мин",0,4500,0,30,
"Курсовое лечение (магнит, лазер или ВТЭС, роликовый механический массаж, дозируемая вибрация, дозируемый подогрев, область спина + вытяжение шейного или поясничного отдела позвоночника) 20 мин, при оплате от 5 процедур",0,4000,0,30,
"Лазеротерапия (2 зоны) + роликовый механический массаж, дозируемая вибрация, дозируемый подогрев, область спина + вытяжение шейного или поясничного отдела позвоночника (20 мин)",0,3500,0,30,
"Лазеротерапия (2 зоны) + роликовый механический массаж, дозируемая вибрация, дозируемый подогрев, область спина + вытяжение шейного или поясничного отдела позвоночника (20 мин), при оплате от 5 процедур",0,3000,0,30,
"Лазеротерапия + роликовый механический массаж, дозируемая вибрация, дозируемый подогрев, область спина + вытяжение шейного или поясничного отдела позвоночника 20 мин",0,3000,0,30,
"Лазеротерапия + роликовый механический массаж, дозируемая вибрация, дозируемый подогрев, область спина + вытяжение шейного или поясничного отдела позвоночника 20 мин, при оплате от 5 процедур",0,2500,0,30,
"Магнитотерапия (2 зоны) + роликовый механический массаж, дозируемая вибрация, дозируемый подогрев, область спина + вытяжение шейного или поясничного отдела позвоночника (20 мин)",0,4500,0,30,
"Магнитотерапия (2 зоны) + роликовый механический массаж, дозируемая вибрация, дозируемый подогрев, область спина + вытяжение шейного или поясничного отдела позвоночника (20 мин), при оплате от 5 процедур",0,4000,0,30,
"Магнитотерапия + роликовый механический массаж, дозируемая вибрация, дозируемый подогрев, область спина 20 мин. + вытяжение шейного или поясничного отдела позвоночника",0,4000,0,30,
"Магнитотерапия + роликовый механический массаж, дозируемая вибрация, дозируемый подогрев, область спина 20 мин. + вытяжение шейного или поясничного отдела позвоночника, при оплате от 5 процедур",0,3500,0,30,
Паравертебральная инъекция,0,1000,0,10,
Плазмотерапия (PRP-терапия) при условии прохождения курса,0,2400,0,30,
Прием физиотерапевта,0,900,0,30,B01.054.001
"Роликовый механический массаж, дозируемая вибрация, дозируемый подогрев, область спина + вытяжение верхней или нижней конечности (20 мин)",0,2000,0,30,
"Роликовый механический массаж, дозируемая вибрация, дозируемый подогрев, область спина + вытяжение поясничного отдела позвоночника (20 мин)",0,2000,0,30,
"Роликовый механический массаж, дозируемая вибрация, дозируемый подогрев, область спина + вытяжение шейного отдела позвоночника (20 мин)",0,2000,0,30,
"Роликовый механический массаж, дозируемая вибрация, дозируемый подогрев, область спина - 20 мин.",0,2000,0,30,
Электрофорез (при условии прохождения курса),0,500,0,30,
Отоларинголог,,,,,
Наименование,Цена Климовск,Цена Подольск,Цена Кирова,Длительность,Код номенклатуры
Анемизация полости носа,0,200,200,15,A11.08.020
Анестезия инфильтрационная,0,300,300,15,B01.003.004.005
Аппликационная анестезия,0,100,100,15,B01.003.004.004
Аппликация лекарственных средств на слизистую полости носа,0,200,200,15,А11.07.022
Блокада заушная с использованием анестетика,0,1200,1200,15,A11.08.007
Введение лекарственных препаратов в слуховой проход,0,200,200,15,A11.25.002
"Взятие мазка ЛОР- органов ( зев, нос,ухо)",0,300,300,15,A11.08.010.001
Внутригортанное введение лекарственных средств,0,200,200,15,A11.09.006
Воздействие низкоинтенсивным лазерным излучением при заболеваниях верхних дыхательных путей,0,800,0,5,A22.08.007
"Вскрытие абсцесса, гематомы перегородки носа",0,2400,2400,15,A16.08.067
Вскрытие паратонзиллярного абсцесса,0,4000,4000,15,A16.08.012
Вскрытие фурункула носа,0,3500,3500,15,A16.08.018
Вскрытие фурункула уха,0,2000,2000,15,A16.01.011
Забор на гистологическое исследование,0,500,500,15,
Замена трахеостомической канюли,0,800,800,15,A16.08.019
Катетеризация слуховой трубы (1 труба),0,700,700,15,A16.25.036.001
Коагуляция лимфоидных гранул задней стенки глотки,0,800,800,15,
Наложение швов на ЛОР-органы,0,500,500,15,A16.25.004
Орошение задней стенки глотки лекарственными препаратами,0,300,300,15,
Остановка кровотечения полости носа методом дитатермокоагуляции (1 половина),0,1500,1500,15,А16.12.020.002
Остановка кровотечения полости носа методом химической коагуляции (нитрат серебра),0,1200,1200,15,
Передняя тампонада носа,0,1000,1000,15,A16.08.006.001
"Постановка функциональных проб (Ринне, Федеричи)",0,500,500,15,
"Прием (осмотр, консультация) врача-оториноларинголога первичный",0,2000,2000,40,B01.028.001
"Прием (осмотр, консультация) врача-оториноларинголога повторный",0,2000,2000,40,B01.028.002
"Прием (осмотр, консультация) детского врача-оториноларинголога первичный",0,2000,0,40,
"Прием (осмотр, консультация) детского врача-оториноларинголога повторный",0,2000,0,40,
Продувание ушей по Политцеру,0,500,500,15,A16.25.012
Промывание лакун небных миндалин по методу Белоголовина (классический способ с использованием канюли),0,900,900,15,A16.08.016
Промывание ОНП по Проэтсу ( методом «кукушка»),0,1300,1300,15,A11.08.021.001
Промывание оперированной верхнечелюстной пазухи,0,1400,1400,15,A16.08.023
Пункция в/ч пазухи с промыванием,0,1500,1500,15,A11.08.004
Разведение краев разреза после вскрытия абсцесса,0,500,500,15,
Репозиция и фиксация костей носа при переломе ,0,5000,5000,15,A16.03.006
Санация трахеостомы,0,900,900,15,A14.08.002
Транстимпанальное введение лекарственных веществ методом нагнетения,0,600,600,15,A11.25.004.001
Туалет носа (Промывание околоносовых пазух и носоглотки),0,500,500,15,A11.08.021
Туалет носа после операции,0,600,600,15,A11.08.021
Туалет уха (Промывание среднего уха),0,600,600,15,A11.25.003
Туалет уха после радикальной операции,0,700,700,15,A11.08.021
Удаление инородного тела из гортани,0,1700,1700,15,A16.08.007
Удаление инородного тела из носа,0,1300,1300,15,A16.08.011
Удаление инородного тела из ротоглотки,0,1000,1000,15,A16.08.007
Удаление инородного тела из слухового отверстия,0,1500,1500,15,A16.25.008
Удаление серной пробки (1 ухо),0,900,900,15,A16.25.007
Эндоскопия гортани,0,1500,1500,15,
Эндоскопия носа и носоглотки,0,1500,1500,15,
Офтальмология,,,,,
Наименование,Цена Климовск,Цена Подольск,Цена Кирова,Длительность,Код номенклатуры
Анестезия инъекционная (ультракаин) в офтальмологии,0,700,0,10,
Аутоцитоплазма (1 глаз),0,2500,0,30,
Аутоцитоплазма курс 3 процедуры (2 глаза),0,12000,0,30,
Биомикроскопия,0,500,0,10,A03.26.001
Введение Дипроспана,0,3000,0,30,
Взятие материала (ресницы) на демодекс,0,300,0,15,
Гониоскопия (2 глаза),0,1400,0,40,A03.26.002
Замена мягкой контактной линзы (МКЛ),0,200,0,10,
Измерение ВГД,0,800,0,30,A02.26.015
Инстиляция лекарственных веществ (2 глаза),0,200,0,5,A14.26.002
Исследование цветоощущения по полихроматическим таблицам,0,400,0,10,A02.26.009
Кератометрия (2 глаза),0,700,0,10,A03.26.011
"Комплексное диагностическое обследование с консультацией врача офтальмолога (рефракция, тонометрия, биомикроскопия, офтальмоскопия с узким зрачком)",0,7000,0,40,
Массаж век 1 сеанс,0,1000,0,15,A21.26.001
Офтальмоскопия  зеркальный  офтальмоскоп (оба глаза) линза Гольдмана,0,2200,0,40,A02.26.003
Офтальмоскопия  с асферической линзой с узким зрачком,0,700,0,30,A02.26.003
"Офтальмоскопия  с асферической линзой, с широким зрачком (мидриаз)",0,1900,0,30,A02.26.003
Парабульбарная инъекция ( 1 глаз),0,600,0,15,
Периметрия,0,1200,0,30,A02.26.005
Подбор очковой и контактной коррекции (взрослые),0,700,0,20,A23.26.001
Подбор очковой и контактной коррекции астигматической (взрослые),0,1200,0,20,
"Прием (осмотр, консультация) врача офтальмолога повторный",0,2000,0,30,
"Прием (осмотр, консультация) врача-офтальмолога первичный + визометрия + авторефрактор + пневмотонометр",0,2800,0,40,
"Прием (осмотр, консультация) врача-офтальмолога первичный + определение остроты зрения на проекторе (визометрия)",0,2000,0,30,B01.029.001
"Прием (осмотр, консультация) детского врача офтальмолога повторный",0,2000,0,30,
"Прием (осмотр, консультация) детского врача-офтальмолога первичный + визометрия + авторефрактор + пневмотонометр",0,2800,0,40,
"Прием (осмотр, консультация) детского врача-офтальмолога первичный + определение остроты зрения на проекторе (визометрия)",0,2000,0,30,
Прием врача-офтальмолога по результатам анализов,0,1000,0,20,
Промывание конъюнктивальной полости (1 глаз),0,300,0,10,A21.26.019
Промывание слезных путей (1 глаз),0,1800,0,30,A11.26.004
Рефрактометрия,0,700,0,5,A03.26.008
Рефрактометрия с широким зрачком,0,1000,0,30,
Субконъюнктивальная инъекция (1 глаз),0,800,0,15,
Тест (проба) Ширмера (2 глаза),0,800,0,10,A02.26.020
Удаление инородного тела коньюктивальной полости (1 глаз),0,900,0,30,A16.26.034
Удаление инородного тела роговицы (1 глаз),0,1800,0,30,A16.26.051
"Удаление папиллом (область век) радиоволновым методом 1 шт (до 0,5 мм)",0,1000,0,40,
"Удаление папиллом (область век) радиоволновым методом 1 шт (от 0,5 мм)",0,1500,0,40,
Удаление роговичных швов,0,1500,0,40,
Удаление холязиона,0,5000,0,30,
Флюорисциновая проба,0,500,0,10,A02.26.018
Эпиляция ресниц при трихиазе (1 глаз),0,700,0,15,A16.26.016
Педиатрия,,,,,
Наименование,Цена Климовск,Цена Подольск,Цена Кирова,Длительность,Код номенклатуры
Вызов педиатра на дом,0,4000,0,60,
Первичный прием врача педиатра,0,2000,0,30,B01.031.001
Повторный прием врача педиатра,0,2000,0,30,B01.031.002
Прием педиатра (подбор индивидуальной программы лечения и питания),0,3800,0,60,
Проктология,,,,,
Наименование,Цена Климовск,Цена Подольск,Цена Кирова,Длительность,Код номенклатуры
Аппликационная анестезия в колопроктологии,0,800,0,10,
Аппликационная терапия с применением обезболивающих и противовоспалительных мазей и гелей,0,900,0,10,
Безоперационное лечение геморроя методом лигирования 1 стадия (комплекс необходимых процедур и манипуляций),0,20000,0,60,
Безоперационное лечение геморроя методом лигирования 2 стадия (комплекс необходимых процедур и манипуляций),0,30000,0,60,
Безоперационное лечение трещины (комплекс необходимых процедур и манипуляций),0,14000,0,40,
Биопсия новообразований перианальной и анальной областей с гистологическим исследованием полученного материала,0,5500,0,10,
Ботулинотерапия (ботокс) Релатокс 1 ед. в колопроктологии,0,300,0,40,
Введение лекарственного препарата ректально,0,700,0,60,
Взятие образца биологического материала из очага поражения на патологические грибы в колопроктологии,0,700,0,10,
Взятие соскоба с перианальной области на энтеробиоз,0,500,0,10,
Видеоаноскопия,0,1500,0,30,
Видеоаноскопия и ректороманоскопия,0,3000,0,30,
Видеоректороманоскопия,0,1800,0,30,
Вправление ущемленного узла,0,4000,0,40,
Вскрытие парапроктита подкожно-слизистого,0,13500,0,60,
"Вскрытие парапроктита, подкожный",0,12000,0,60,
Дивульсия,0,2500,0,20,
Инфильтрационная анестезия в колопроктологии,0,2000,0,10,
Иссечение анальной бахромки 1 категории,0,4500,0,40,
Иссечение анальной бахромки 2 категории,0,10000,0,40,
"Иссечение анальной бахромки, единичные образования с гистологическим исследованием полученного материала",0,8000,0,60,
"Иссечение анальной бахромки, множественные образования с гистологическим исследованием полученного материала",0,14000,0,60,
Иссечение анальной трещины электрохирургическим методом,0,12000,0,60,A16.19.003.001
Иссечение неосложненного параректального свища электрохирургическим методом,0,18000,0,60,
Иссечение неосложненного свища анальной области электрохирургическим методом с гистологическим исследованием полученного материала,0,21000,0,60,
"Иссечение остроконечных кондилом перианальной области, анального канала  до 3х",0,6500,0,60,
"Иссечение остроконечных кондилом перианальной области, анального канала более 3х",0,9000,0,60,
Иссечение параректального свища,0,13000,0,60,
Коагуляция кровоточащего сосуда в колопроктологии,0,4000,0,30,
Консервативное лечение проктита,0,6000,0,30,
Лигирование геморроидальных узлов 1 категории сложности,0,10000,0,60,
Лигирование геморроидальных узлов 2 категории сложности,0,11000,0,60,
"Лигирование геморроидальных узлов, наложение 1 латексного кольца",0,6000,0,60,
Массаж сфинктера прямой кишки,0,1500,0,10,
Наложение повязки при операциях на прямой кишке,0,1200,0,5,
Остановка геморроидального кровотечения,0,6000,0,30,
Очищение кишечника микроклизмой,0,600,0,5,
Пальцевое ректальное исследование.,0,700,0,10,A01.19.004
Параректальная блокада,0,2500,0,10,
Перевязка у колопроктолога,0,1000,0,20,
Перианальная блокада,0,3000,0,10,
"Прием (осмотр, консультация) врача-колопроктолога первичный",0,2000,0,40,B01.018.001
"Прием (осмотр, консультация) врача-колопроктолога повторный",0,2000,0,40,B01.018.002
Прижигание слизистой прямой кишки,0,2000,0,30,A16.19.002
Проводниковая анестезия в колопроктологии,0,2000,0,10,
Разрез или иссечение перианальной ткани электрохирургическим методом,0,11000,0,60,
Ректороманоскопия,0,1100,0,40,A03.19.002
Ректосигмоидоскопия,0,1100,0,40,A03.19.004
Тромбэктомия с резекцией наружного геморроидального узла,0,14000,0,60,A16.19.044
Удаление инородного тела прямой кишки без разрезов,0,8000,0,30,
Удаление копролита,0,6000,0,20,A14.19.004
"Удаление папилом, кондилом электрохирургическим методом более 3х",0,6000,0,60,A16.01.017.001
"Удаление папилом, кондилом электрохирургическим методом до 3х",0,4000,0,60,A16.01.017.001
"Удаление полипа анального канала, прямой кишки 1 категории с гистологическим исследованием полученного материала",0,10000,0,60,A16.19.017
Удаление полипа анальной области,0,8000,0,60,
Удаление сторожевых бугорков,0,9000,0,60,A16.01.017
Установка лигатуры для формирования линейного свищевого хода,0,5500,0,60,
Хирургическая санация перианальной области (вскрытие),0,7000,0,40,
"Энуклеация тромбированного наружного геморроидального узла электрохирургическим методом размерами 1,5 - 4 см",0,15000,0,60,
Энуклеация тромбированного наружного геморроидального узла электрохирургическим методом размерами более 4 см,0,17500,0,60,
Психиатрия,,,,,
Наименование,Цена Климовск,Цена Подольск,Цена Кирова,Длительность,Код номенклатуры
Прием психиатра,0,3000,3000,45,B01.035.001
Пульмонология,,,,,
Наименование,Цена Климовск,Цена Подольск,Цена Кирова,Длительность,Код номенклатуры
Прием врача пульмонолога первичный,0,2000,2000,30,B01.037.001
Прием врача пульмонолога повторный,0,2000,2000,30,B01.037.002
Реаниматология,,,,,
Наименование,Цена Климовск,Цена Подольск,Цена Кирова,Длительность,Код номенклатуры
Ревматолог,,,,,
Наименование,Цена Климовск,Цена Подольск,Цена Кирова,Длительность,Код номенклатуры
Внутрисуставная инъекция (без учета препарата),0,2000,2000,5,
Диагностическая пункция сустава (с целью изъятия синовиальной жидкости),0,1500,1500,10,
Локальная инъекционная терапия (блокада) одной зоны (анестетик + Дипроспан) + 1 ампула,0,900,900,5,А11.02.002
Локальная инъекционная терапия (блокада) одной зоны(анестетик + Дипроспан/Дипромета),0,3000,3000,10,А11.02.002
Повторный прием ревматолога с проведением УЗИ суставов,0,4100,4100,40,А11.02.002
Прием ревматолога (первично),2500,2500,2500,30,B01.040.001
Прием ревматолога (повторно),2500,2500,2500,30,B01.040.002
УЗИ голеностопного сустава,0,2000,2000,10,A04.04.001.1
УЗИ коленного сустава,0,2000,2000,10,A04.04.001.2
УЗИ локтевого сустава,0,2000,2000,10,A04.04.001.3
УЗИ лучезапястного сустава,0,2000,2000,10,A04.04.001.4
УЗИ плечевого сустава,0,2000,2000,10,A04.04.001.5
УЗИ суставов стоп,0,2000,2000,10,A04.04.001.6
УЗИ тазобедренных суставов,0,2000,2000,10,A04.04.001.7
Рентгенология,,,,,
Наименование,Цена Климовск,Цена Подольск,Цена Кирова,Длительность,Код номенклатуры
"Диагностика сколиоза (рентгенография шейного, грудного и пояснично-крестцового отделов позвоночника)",4300,0,0,45,"A06.03.010
A06.03.013
A06.03.016"
Запись исследования на диск,200,0,0,5,
Маммография двух молочных желез.,2600,0,0,20,A06.20.004.007
Маммография одной молочной железы.,1300,0,0,20,A06.20.004.007
Распечатка рентгеновского снимка на пленке,500,0,0,5,
Рентгенография 2-х кистей (для ревматолога),2000,0,0,20,A06.03.032
Рентгенография 2-х стоп (для ревматолога),2000,0,0,20,
Рентгенография акромиально-ключичного сустава,1200,0,0,20,A06.04.013
Рентгенография бедра,1600,0,0,20,A06.03.043
Рентгенография верхних шейных позвонков в прямой проекции через открытый рот,1500,0,0,20,A06.03.007
Рентгенография височно-нижнечелюстного сустава,1400,0,0,20,A06.04.001
Рентгенография височной кости,1100,0,0,20,A06.25.002
Рентгенография голени (в двух проекциях),1600,0,0,20,A06.03.036
Рентгенография голеностопного сустава (в двух проекциях),1200,0,0,20,A06.04.012
Рентгенография грудного отдела позвоночника (в двух проекциях),1700,0,0,20,A06.03.013
Рентгенография кисти,1400,0,0,20,A06.03.032
Рентгенография кисти для определения костного возраста,1600,0,0,20,A06.03.032
Рентгенография ключицы,1100,0,0,20,A06.03.022
Рентгенография коленного сустава (в двух проекциях),1200,0,0,20,A06.04.005
Рентгенография копчика,1200,0,0,20,A06.03.017
Рентгенография костей лицевого скелета,1100,0,0,20,A06.03.056
Рентгенография костей таза,1700,0,0,20,A06.03.041
Рентгенография костей черепа (в двух проекциях),1100,0,0,20,A06.03.060
Рентгенография крестца,1200,0,0,20,A06.03.017
Рентгенография крестца и копчика,1500,0,0,20,A06.03.017
Рентгенография крестцово-подвздошных суставов,900,0,0,20,A06.03.037
Рентгенография крыла подвздошной кости,900,0,0,20,A06.03.037
Рентгенография легких (в двух проекциях),1200,0,0,20,A06.09.007
Рентгенография легких в боковой проекции в положении больного на спине,1200,0,0,20,A06.09.007
Рентгенография лобкового симфиза,1400,0,0,20,A06.03.039
Рентгенография локтевого сустава (в двух проекциях),1200,0,0,20,A06.04.003
Рентгенография лопатки,1100,0,0,20,A06.03.026
Рентгенография лучезапястного сустава (в двух проекциях),1200,0,0,20,A06.04.004
Рентгенография надколенника,1200,0,0,20,A06.03.045
Рентгенография носоглотки (аденоиды),1200,0,0,20,A06.08.001
Рентгенография пальцев кисти (обе руки),1100,0,0,20,A06.03.033
Рентгенография пальцев стопы,1100,0,0,20,A06.03.051
Рентгенография плеча (кость),1600,0,0,20,A06.03.028
Рентгенография плечевого сустава,1200,0,0,20,A06.04.010
Рентгенография пояснично-крестцового отдела позвоночника (в двух проекциях),1700,0,0,20,A06.03.016
Рентгенография пояснично-крестцового отдела позвоночника с функциональными пробами,1800,0,0,20,A06.03.019
Рентгенография предплечья (в двух проекциях),1600,0,0,20,A06.03.021
Рентгенография придаточных пазух носа,1200,0,0,20,A06.08.003
Рентгенография пяточной кости,1100,0,0,20,A06.03.050
Рентгенография ребра (ребер),1400,0,0,20,A06.03.023
Рентгенография стоп ( на поперечное плоскостопие ) с функциональной нагрузкой 1 снимок,2000,0,0,20,A06.03.053.001
Рентгенография стоп ( на продольное плоскостопие ) с функциональной нагрузкой 2 снимка,2200,0,0,20,A06.03.053.001
Рентгенография стоп с функциональной нагрузкой ( поперечное и продольное плоскостопие),4000,0,0,20,
Рентгенография стопы (в двух проекциях),1400,0,0,20,A06.03.053
Рентгенография тазобедренных суставов (пара),1200,0,0,20,A06.04.011
Рентгенография турецкого седла,1100,0,0,20,A06.03.001.001
Рентгенография шейного отдела позвоночника (в двух проекциях),1500,0,0,20,A06.03.010
Рентгенография шейного отдела позвоночника с функциональными пробами,1700,0,0,20,A06.03.019
Терапевт,,,,,
Наименование,Цена Климовск,Цена Подольск,Цена Кирова,Длительность,Код номенклатуры
Прием терапевта,1700,1700,1700,30,В01.047.001
Прием терапевта (повторно),1700,1700,1700,30,В01.047.002
Прием терапевта на дому (выезд),4000,4000,4000,5,В01.047.001
Травматология,,,,,
Наименование,Цена Климовск,Цена Подольск,Цена Кирова,Длительность,Код номенклатуры
2 внутрисуставных инъекций (травматолог-ортопед),4000,4000,4000,20,A11.04.004.002
Внутрисуставная инъекция (травматолог-ортопед),2000,2000,2000,20,A11.04.004.001
Внутрисуставная инъекция с лекарственным препаратом Дипроспан/Дипромета (травматолог-ортопед),3000,3000,3000,20,A11.04.004
Внутритканевая электростимуляция (ВТЭС) 1 процедура в травматологии,0,1200,1200,30,
Внутритканевая электростимуляция (ВТЭС) 10 процедур в травматологии,0,9500,9500,30,
Внутритканевая электростимуляция (ВТЭС) 3 процедуры в травматологии,0,2900,2900,30,
Внутритканевая электростимуляция (ВТЭС) 5 процедур в травматологии,0,4900,4900,30,
Высокоинтенсивная магнитотерапия (SIS) (две зоны) в травматологии,0,3500,0,30,
Высокоинтенсивная магнитотерапия (SIS) (одна зона) в травматологии,0,2500,0,30,
Высокоинтенсивная магнитотерапия (SIS) (одна зона) курс из 3 процедур в травматологии,0,6000,0,30,
Высокоинтенсивная магнитотерапия (SIS) (одна зона) курс из 5 процедур в травматологии,0,10000,0,30,
Высокоинтенсивная магнитотерапия (SIS) 10 мин,0,2500,0,15,
Высокоинтенсивная магнитотерапия (SIS) 20 мин,0,3500,0,30,
Высокоинтенсивная магнитотерапия (SIS) 30 мин,0,4000,0,40,
Высокоинтенсивная магнитотерапия (SIS) курс из 5 процедур/10 мин,0,10000,0,15,
Высокоинтенсивная магнитотерапия (SIS) курс из 5 процедур/20 мин,0,14000,0,30,
Комплексная диагностика и изготовление индивидуальных ортопедических стелек (ФормТотикс).,0,7500,0,30,А23.30.001
Коррекция индивидуальных ортопедических стелек (ФормТотикс).,0,1000,0,20,
Локальная инъекционная терапия (блокада) одной зоны(анестетик + Дипроспан/Дипромета).,3000,3000,3000,10,А11.03.004
"Обезболивание места перелома , ушиба",1200,1200,1200,10,
Первичный прием травматолога-ортопеда,2000,2000,2000,40,В01.050.001
Перевязка у травматолога,1000,1000,1000,10,
Периартикулярная инъекция (травматолог-ортопед),1500,1500,1500,30,A11.04.006
Плазмотерапия сустава(PRP-терапия) (1 пробирка),3000,3000,3000,30,A11.01.002.001
Плазмотерапия сустава(PRP-терапия) (3 пробирки),8000,7800,7800,30,A11.01.002.003
Плазмотерапия суставов (PRP-терапия) - 2 пробирки,6000,6000,6000,30,
Плазмотерапия суставов (PRP-терапия) - 2 сустава,6000,6000,6000,30,A11.01.002.002
Повторный прием травматолога-ортопеда,2000,2000,2000,30,В01.050.002
Пункция сустава,1500,1500,1500,20,A11.04.005
УВТ (Ударно-волновая терапия),1900,1900,1900,20,A22.30.015
УВТ (Ударно-волновая терапия) 2 зоны,3800,3800,0,40,A22.30.015
УВТ (Ударно-волновая терапия) 3 зоны,5700,5700,0,40,A22.30.015
Фокусированная ударно-волновая терапия (ФУВТ) — 1 зона (3000 импульсов),0,2900,0,25,
Фокусированная ударно-волновая терапия (ФУВТ) — 1 зона (4000 импульсов),0,3800,0,25,A22.30.015
Фокусированная ударно-волновая терапия (ФУВТ) — 1 зона (4000 импульсов) курс из 3 процедур,0,9500,0,25,A22.30.015
Фокусированная ударно-волновая терапия (ФУВТ) — 1 зона (4000 импульсов) курс из 5 процедур,0,15000,0,25,A22.30.015
Фокусированная ударно-волновая терапия (ФУВТ) — 2 зоны (3000 импульсов),0,5800,0,40,
УЗИ,,,,,
Наименование,Цена Климовск,Цена Подольск,Цена Кирова,Длительность,Код номенклатуры
Допплерография сосудов матки и плода,2000,2000,2000,20,А04.12.024
"Женское здоровье ПЛЮС (УЗИ щитовидной железы с периферическими узлами, УЗИ органов малого таза (трансвагинально), УЗИ молочных желез с периферическими лимфоузлами, УЗИ органов брюшной полости)",6600,6600,6600,80,"А04.22.001
А04.20.001.001
A04.16.001"
Нейросонография (УЗИ головного мозга у новорожденных),1600,1600,1600,20,A04.23.001
"Программа ""Женское здоровье"" (УЗИ щитовидной железы с периферическими узлами, УЗИ органов малого таза (трансвагинально), УЗИ молочных желез с периферическими лимфоузлами)",4400,4400,4400,60,"А04.22.001
А04.20.001.001
A04.20.002"
"Программа ""Мужское здоровье"" (УЗИ комплексное урологическое (почки, мочеточники, мочевой пузырь, простата),УЗИ органов мошонки",4900,4900,4900,50,"A04.28.002
A04.28.003"
УЗИ 1-й триместр беременности (12-14 недель )  многоплодная беременность + допплерография,2800,2800,2800,40,"A04.30.001
A04.12.024
"
УЗИ 1-й триместр беременности (12-14 недель )  многоплодная беременность.,2400,2400,2400,30,A04.30.001
УЗИ 1-й триместр беременности (12-14 недель),1900,1900,1900,20,"А04.30.001.001
"
УЗИ 1-й триместр беременности (12-14 недель) + допплерография,2700,2700,2700,30,"A04.30.001
A04.12.024"
УЗИ 2-й триместр беременности (22-24 недель),2300,2300,2300,30,"А04.30.001
"
УЗИ 2-й триместр беременности (22-24 недель) многоплодная беременность,3000,3000,3000,40,"А04.30.001
"
УЗИ 2-й триместр беременности (22-24 недель) многоплодная беременность + допплерографя,3500,3500,3500,40,"A04.30.001
A04.12.024
"
УЗИ 2-й триместр беременности с оценкой органов и систем плода + допплерография,3100,3100,3100,30,"A04.30.001
A04.12.024

"
УЗИ 3-й триместр беременности (32-34 недели),2600,2600,2600,30,"А04.30.001.007
"
УЗИ 3-й триместр беременности (32-34 недели) многоплодная беременность,3000,3000,3000,40,"А04.30.001.007
"
УЗИ 3-й триместр беременности (32-34 недели) многоплодная беременность + допплерография,3500,3500,3500,40,"A04.30.001
A04.12.024
"
УЗИ 3-й триместр беременности с оценкой органов и систем плода + допплерография,3100,3100,3100,30,"A04.30.001
A04.12.024

"
УЗИ артерий верхних конечностей,2100,2100,2100,20,"A04.12.005.002 
"
УЗИ артерий и вен верхних конечностей,3800,3800,3800,40,"A04.12.005
"
УЗИ артерий и вен нижних конечностей,4300,4300,4300,45,"A04.12.006
"
УЗИ артерий нижних конечностей и подвздошно-бедренного сегмента,2300,2300,2300,30,"A04.12.006.001 
"
УЗИ вен верхних конечностей,2000,2000,2000,20,"A04.12.005.004 
"
УЗИ вен нижних конечностей и подвздошно-бедренного сегмента (диагностика тромбоза),2300,2300,2300,30,"A04.12.006.002 
"
УЗИ грудных желез и регионарных лимфоузлов у мужчин,1200,1200,1200,25,A04.20.002
Узи желчного пузыря,1000,1000,1000,15,
УЗИ желчного пузыря с определением функции,1400,1400,1400,15,"A04.14.002.001
"
"УЗИ комплексное (брюшная полость + почки, надпочечники)",2600,2600,2600,30,"A04.16.001
А04.30.003
"
"УЗИ комплексное урологическое (почки, мочеточники, мочевой пузырь, простата, определение остаточной мочи)",3500,3500,3500,30,А04.28.002
УЗИ лимфатических узлов (1зона),1100,1100,1100,15,A04.06.002
УЗИ лонного сочленения,800,800,800,10,A04.03.001
УЗИ молочных желез с периферическими лимфоузлами,1700,1700,1700,30,"A04.20.002 
"
УЗИ мочевого пузыря с определением остаточной мочи,1100,1100,1100,15,"A04.28.002.005 
"
"УЗИ мягких тканей (кожи, подкожно-жировой клетчатки, мышц)",1100,1100,1100,15,"A04.01.001 
"
"УЗИ органов брюшной полости (печень, желчный пузырь и желчные протоки, селезенка, поджелудочная железа)",2200,2200,2200,20,"A04.16.001
"
УЗИ органов брюшной полости с определением функции желчного пузыря,2900,2900,2900,30,
"УЗИ органов брюшной полости с определением функции желчного пузыря + почки, надпочечники",3400,3400,3400,40,A04.16.001
УЗИ органов малого таза (определение малых сроков беременности – трансабдоминально),1700,1700,1700,15,А04.20.001.001
УЗИ органов малого таза (определение малых сроков беременности – трансвагинально),1900,1900,1900,20,А04.20.001.001
УЗИ органов малого таза (трансабдоминально + трансвагинально + допплерография),2500,2500,2500,30,А04.20.001.001
УЗИ органов малого таза (трансабдоминально + трансвагинально),2300,2300,2300,20,"A04.20.001
"
УЗИ органов малого таза (трансабдоминально),1700,1700,1700,15,"A04.20.001
"
УЗИ органов малого таза (трансвагинально),1900,1900,1900,20,"A04.20.001

"
УЗИ органов мошонки,1400,1400,1400,20,A04.28.003
УЗИ органов мошонки + допплерография,1800,1800,1800,20,"A04.28.003
"
УЗИ печени и желчного пузыря,1200,1200,1200,15,"А04.14.001
А04.14.002"
УЗИ печени и желчного пузыря + допплерография,2200,2200,2200,30,"А04.14.001
А04.14.002"
УЗИ печени и желчного пузыря с определением его функции,1900,1900,1900,25,А04.14.001 А04.14.002
УЗИ плевральной полости,900,900,900,10,"A04.09.001
"
Узи поджелудочной железы,1000,1000,1000,15,
УЗИ полового члена,1900,1900,1900,20,A04.21.002
УЗИ полового члена+ допплерография,2000,2000,2000,20,"A04.21.002
"
УЗИ почек + допплерография (дуплекс почечных артерий),2500,2500,2500,30,А04.28.002.001
"УЗИ почек, надпочечников",1500,1500,1500,15,А04.28.002
УЗИ почечного трансплантата с допплерографией,1700,1700,1700,20,
УЗИ предстательной железы (трансабдоминально),1700,1700,1700,15,"A04.21.001 
"
УЗИ предстательной железы + допплерография (трансректально),2000,2000,2000,20,"А04.21.001.001
"
УЗИ селезенки,1000,1000,1000,10,"A04.06.001 
"
УЗИ сердца (эхокардиография) + допплерография,2800,2800,2800,30,"A04.10.002
"
УЗИ слюнных желез с периферическими лимфоузлами,1200,1200,1200,20,A04.07.002
УЗИ сосудов головы и сосудов шеи,3700,3700,3700,40,А04.12.005.009
УЗИ сосудов полового члена с фармакологическими пробами,4000,4000,4000,40,A04.21.002.001
УЗИ тазобедренных суставов (у новорожденных и детей до года),1600,1600,1600,20,"A04.04.001.001
"
"УЗИ щитовидной железы с допплерографией, паращитовидными железами и региональными лимфатическими узлами",2800,2800,2800,30,А04.22.001
УЗИ щитовидной железы с паращитовидными железами,1900,1900,1900,20,"А04.22.001
"
УЗИ щитовидной железы с периферическими лимфоузлами,1600,1600,1600,15,А04.22.001
УЗИ щитовидной железы с периферическими лимфоузлами + допплерография,2300,2300,2300,30,А04.22.001
УЗИ экстракраниальных сосудов шеи,2600,2600,2600,20,А04.12.005.008
УЗИ яичников с фолликулометрией,1300,1300,1300,15,A04.20.003
Ультразвуковая эластометрия ахиллова сухожилия,2500,2500,2500,15,
Ультразвуковая эластометрия печени,2900,2900,2900,20,
Ультразвуковая эластометрия шейки матки во 2-3 триместрах беременности,2500,2500,2500,15,
Ультразвуковое исследование молочных желез с эластометрией,2700,2700,2700,40,
Ультразвуковое исследование щитовидной железы с эластометрией,2600,2600,2600,30,
ЦДС брюшной аорты (допплерография забрюшинного пространства +гепатодуоденальная зона),2500,2500,2500,30,А04.12.003
ЦДС брюшной аорты (допплерография забрюшинного пространства),2100,2100,2100,30,А04.12.003
Цервикометрия (трансвагинально),1200,1200,1200,15,A04.20.001.004
Эхокардиография с допплером (УЗИ сердца),2800,2800,2800,30,"A04.10.002
"
Урология,,,,,
Наименование,Цена Климовск,Цена Подольск,Цена Кирова,Длительность,Код номенклатуры
"Введение лекарственного препарата на основе тестостерона, внутрикавернозно",0,1000,0,20,
Взятие секрета простаты (соскоб),900,900,0,5,"A11.21.004
"
"Вибрационная магнито-лазерная терапия на аппарате ""Матрикс-уролог""",1500,1500,0,10,A22.30.006
Вправление парафимоза,0,6000,0,15,A16.28.058
Вправление фимоза,2000,2000,0,10,"A16.28.058
"
Высокоинтенсивная магнитотерапия (SIS)  ( 1 сеанс 20 мин),0,2500,0,30,
Высокоинтенсивная магнитотерапия (SIS) (курс из 10 сеансов),0,17500,0,30,
Высокоинтенсивная магнитотерапия (SIS) (курс из 14 сеансов),0,25000,0,30,
Высокоинтенсивная магнитотерапия (SIS) (курс из 7 сеансов),0,12500,0,30,
Денервация головки полового члена,0,49000,0,50,"A16.21.044
"
Забор из уретры на микроскопию,300,300,0,5,
"Забор мазка из уретры (микроскопия, ПЦР) без приема уролога",600,600,0,10,
Замена цистомического дренажа,1700,1700,0,20,"A16.28.072.001
"
"Инстилляция в мочевой пузырь антисептический р-р, 1 процедура",0,2500,0,20,
"Инстилляция в мочевой пузырь смеси: гепарин 5000 МЕ, гентамицин 80 мг, лидокаин 20 мг, дексаметазон 4 мг",0,3800,0,30,
Инстилляция уретры в урологии,0,2500,0,20,A11.28.009
Инфильтрационная анестезия в урологии (врачебная манипуляция),0,2000,0,10,
Инфраингиванальная микрохирургическая перевязка вен семенного канатика (операция Мармара) при варикозном расширении вен семенного канатика 1 категории сложности,0,45000,0,30,
Инфраингиванальная микрохирургическая перевязка вен семенного канатика (операция Мармара) при варикозном расширении вен семенного канатика 2 категории сложности,0,50000,0,30,
Иссечение парауретральной кисты,0,28000,0,40,A16.28.082
Катетеризация мочевого пузыря,0,2500,0,20,A11.28.007
Консультация врача-уролога первичная,2300,2300,0,20,
Консультация врача-уролога первичная (Пешков Д.С.),2000,2000,0,20,"В01.053.001
"
Консультация врача-уролога повторная,2300,2300,0,30,"В01.053.002
"
Консультация врача-уролога повторная (Пешков Д.С.),2000,2000,0,20,"В01.053.002
"
Консультация врача-уролога повторная по результатам анализов,800,800,0,20,
Лечебный массаж простаты,1300,1300,0,5,"A21.21.001
"
Лечебный массаж простаты 1 категории,1500,1500,0,5,A21.21.001.1
Лечебный массаж простаты 2 категории,1900,1900,0,5,A21.21.001.2
Лечение баланопостита,1500,1500,0,10,
"Массаж простаты пальцевой, 1 процедура",0,1900,0,5,A21.21.001
Местная анестезия в урологии,0,1400,0,10,B01.003.004.001
Наложение повязки при операциях на наружных мужских половых,0,1750,0,10,A15.01.001
Обрезание крайней плоти,0,37000,0,60,A16.21.013
"Операция при гидроцеле (киста, водянка яичка) 1 категории сложности",0,35000,0,20,
"Операция при гидроцеле (киста, водянка яичка) 2 категории сложности",0,45000,0,30,
Пальцевое ректальное исследование,800,800,0,10,
Перевязка послеоперационных швов в урологии,1500,1500,0,10,
Поверхностная анестезия в урологии,0,1000,0,10,
Получение уретрального отделяемого в урологии,0,800,0,5,
Проводниковая анестезия в урологии,0,1600,0,10,
ПЦР (соскоб),600,600,0,5,
"Радиоволновое удаление единичных папиллом, кондилом",1000,0,0,10,
Разведение спаек полового члена,3500,3500,0,10,
Разделение синехий крайней плоти,0,4000,0,30,А16.21.051
Ректальный осмотр,400,400,0,5,A01.19.004
Склеротерапия вен семенного канатика пенной формой склерозирующего препарата 1 сеанс,0,9900,0,30,
Снятие послеоперационных швов (2 степень сложности),3000,3000,0,20,"A16.30.069.001
"
Снятие послеоперационных швов.,1500,1500,0,15,"A16.30.069
"
УВТ (Ударно-волновая терапия) в урологии,2100,2100,0,20,"A22.30.015
"
Удаление доброкачественных новообразований кожи радиохирургическим/аргоноплазменным методом,3500,3500,0,20,
Удаление доброкачественных новообразований кожи радиохирургическим/аргоноплазменным методом 1-5 элементов,5000,5000,0,20,
Удаление доброкачественных новообразований кожи радиохирургическим/аргоноплазменным методом 6- 10 элементов,8000,8000,0,20,
"Удаление доброкачественных новообразований кожи электрохирургическим методом (Фотек), 1-5 элементов",0,5100,0,30,
"Удаление доброкачественных новообразований кожи электрохирургическим методом (Фотек), 6-10 элементов",0,9000,0,30,
"Удаление доброкачественных новообразований кожи электрохирургическим методом (Фотек), более 10 элементов",0,13000,0,30,
Удаление инородных тел крайней плоти,0,8000,0,30,
Удаление уретрального полипа,0,12000,0,20,A16.28.086
Ударно-волновая терапия полового члена,2100,2100,0,10,"A22.30.015
"
Ударно-волновая терапия предстательной железы,2100,2100,0,10,"A22.30.015
"
"УЗИ комплексное (брюшная полость + почки, надпочечники) у уролога",2600,2600,0,30,"A04.16.001
"
"УЗИ комплексное урологическое (почки, мочеточники, мочевой пузырь, простата, определение остаточной мочи) у уролога",3100,3100,0,30,
УЗИ мочевого пузыря у уролога,1100,1100,0,15,
"УЗИ органов брюшной полости (печень, желчный пузырь и желчные протоки, селезенка, поджелудочная железа) у уролога",2200,2200,0,20,A04.16.001
УЗИ полового члена у уролога,1800,1800,0,15,"A04.21.002
"
"УЗИ почек, надпочечников у уролога",1500,1500,0,15,
УЗИ предстательной железы (трансабдоминально) у уролога,1600,1600,0,15,"A04.21.001 
"
Уретральный забор на посев,800,800,0,5,
Урофлоуметрия ( измерение скорости потока мочи),0,1500,0,10,A12.28.006
Установка (смена) катетера Фолея длительного использования,0,1900,0,20,
Установка (смена) катетера Фолея кратковременного использования,0,1900,0,20,
Установка уретрального катетера,1900,1900,0,10,A11.28.007
Френулотомия (пластика уздечки полового члена),0,18000,0,30,A16.21.038
Хирургическая обработка раны или инфицированной ткани в урологии,0,2000,0,10,A16.01.004
ФГДС,,,,,
Наименование,Цена Климовск,Цена Подольск,Цена Кирова,Длительность,Код номенклатуры
Функциональная диагностика,,,,,
Наименование,Цена Климовск,Цена Подольск,Цена Кирова,Длительность,Код номенклатуры
Лазеротерапия - 1 процедура,800,800,800,20,А17.30.003
Лазеротерапия - курс 10 процедур,6400,6400,6400,20,А17.30.003
Лазеротерапия - курс 5 процедур,3200,3200,3200,20,А17.30.003
СНЯТИЕ СМАД,1,1,1,5,
СНЯТИЕ ХОЛТЕРА,1,1,1,5,
Спирография с расшифровкой (исследование функции внешнего дыхания) без применения бронхолитика,0,1000,1000,40,"A12.09.001
"
Спирография с расшифровкой (исследование функции внешнего дыхания) с применением бронхолитика,0,1400,1400,40,A12.09.002.001
Суточное мониторирование АД,3100,3100,3100,30,"А02.12.002.001
"
Суточное мониторирование ЭКГ (Холтер),3100,3100,3100,30,"А05.10.008

"
Суточное мониторирование ЭКГ (Холтер) в 12-ти отведениях,0,3100,0,30,
ЭКГ без расшифровки,700,700,700,20,"А05.10.006
"
ЭКГ для эндоскопии,1,1,0,20,
ЭКГ с расшифровкой,1000,1000,1000,20,"А05.10.006
А05.10.004"
Электрофорез без лекарственного препарата,400,400,400,30,А17.29.003
Электрофорез без лекарственного препарата (курс 10 процедур),3000,3000,3000,30,А17.29.003
Электрофорез с лекарственным препаратом,800,800,800,30,А17.29.003
Электрофорез с лекарственным препаратом (курс 10 процедур),7000,7000,7000,30,А17.29.003
ЭЭГ (электроэнцефалограмма с функциональными пробами и с ЭКГ контролем) с 15 лет,2300,2300,2300,40,А05.23.001.1
ЭЭГ (электроэнцефалограмма с функциональными пробами) с 15 лет,0,2300,2300,40,
ЭЭГ 30 мин детское (электроэнцефалограмма с функциональными пробами),3000,3000,0,50,
ЭЭГ(электроэнцефалограмма с функциональными пробами) до 15 лет,2100,2100,2100,40,А05.23.001
Хирургия,,,,,
Наименование,Цена Климовск,Цена Подольск,Цена Кирова,Длительность,Код номенклатуры
"Анестезия инъекционная (ультракаин, артикаин)",0,900,0,10,
Вскрытие гематомы мягких тканей,0,6300,0,30,A16.30.076
Вскрытие и дренирование абсцесса,0,2500,0,30,
Вскрытие и дренирование абсцесса более 1 см,0,5000,0,40,
Вскрытие паронихия,0,2500,0,40,
Вскрытие подкожного панариция,0,3000,0,30,
Вскрытие подногтевого панариция,0,4000,0,40,
Вскрытие фурункула,0,3000,0,30,
Гистология.,0,2500,0,10,
Инфильтрационная  анестезия,0,2500,0,30,B01.003.004.005
Иссечение грануляции,0,5900,0,10,А16.01.030
Иссечение новообразования мягких тканей размером  до 1 см,0,14900,0,30,A16.30.032
Иссечение новообразования мягких тканей размером более 1 см,0,16400,0,40,A16.30.032
Иссечение поражения подкожно-жировой клетчатки,0,7100,0,40,A16.01.006
Иссечение рубцов кожи,0,9900,0,60,A16.01.023
Иссечение свища мягких  тканей,0,15200,0,60,A16.30.064
Коагуляция (остановка  кровотечения) кровоточащего сосуда,0,4100,0,40,A22.30.033
Краевая резекция ногтевого ложа (вросший ноготь),0,6100,0,40,
Накожное применение лекарственных  препаратов,0,1000,0,20,A11.01.014
Наложение  повязки  при переломах  костей,0,1400,0,30,A15.03.001
Наложение вторичных  швов,0,4500,0,40,A16.01.008.001
Наложение повязки при нарушении целостности кожных покровов,0,1400,0,30,A15.01.001
Оперативное лечение туннельного синдрома,0,35000,0,60,
Перевязка у хирурга,0,1000,0,20,
"Приём(осмотр, консультация)врача-хирурга  первичный",0,2000,0,40,В01.057.001
"Приём(осмотр, консультация)врача-хирурга  повторный",0,2000,0,40,В01.057.002
Проводниковая анестезия,0,2600,0,30,B01.003.004.002
Пункция мягких тканей,0,4200,0,30,А11.30.024
Седация (медикаментозный сон),0,5000,0,5,
Снятие швов - перевязка у хирурга,0,1200,0,20,
Снятие швов - перевязка у хирурга (первичный прием),0,2000,0,40,
Удаление атеромы,0,8100,0,30,А16.01.016
Удаление гигромы,0,6500,0,60,
Удаление доброкачественных новообразований кожи более 1 см,0,13100,0,60,A16.01.017
Удаление доброкачественных новообразований кожи до 1 см,0,6400,0,30,A16.01.017
Удаление доброкачественных новообразований кожи методом электрокоагуляции,0,6100,0,30,A16.01.017.001
Удаление инородного тела с рассечением  мягких тканей,0,4100,0,40,A16.30.066
Удаление мозоли,0,3900,0,30,A16.01.028
Удаление ногтевых пластинок,0,4500,0,30,A16.01.027
Ушивание открытой раны (без кожной пересадки),0,7900,0,40,A16.01.009
Хирургическая обработка обширной раны,0,6300,0,40,A16.01.004
Хирургическая обработка раны,0,3900,0,30,A16.01.004
Эндокринология,,,,,
Наименование,Цена Климовск,Цена Подольск,Цена Кирова,Длительность,Код номенклатуры
Прием детского эндокринолога,0,2300,2300,40,B04.058.003
Прием эндокринолога первичный,2000,2000,2000,40,"В01.058.001
"
Прием эндокринолога повторный,2000,2000,2000,40,В01.058.002
Эндоскопия,,,,,
Наименование,Цена Климовск,Цена Подольск,Цена Кирова,Длительность,Код номенклатуры
"Биопсия слизистой желудка (пищевода, двенадцатиперстной кишки)",500,500,0,10,А11.16.002
Биопсия слизистой кишечника,500,500,0,10,А11.18.001
"Гастроскопия (видеоэзофагогастродуоденоскопия) - обследование пищевода, желудка и двенадцатиперстной  + Консультация гастроэнтеролога (первичная) + тест на хеликобактер",6200,6200,0,45,"A03.16.001
B01.004.001"
"Гастроскопия (видеоэзофагогастродуоденоскопия) - обследование пищевода, желудка и двенадцатиперстной кишки",4700,4700,0,30,"А03.16.001
"
Гастроскопия и колоноскопия с седацией (медикаментозный сон),15000,15000,0,60,"A03.16.001.005
A03.18.001
B01.003.004.002"
Гастроскопия с седацией (медикаментозный сон),9700,9700,0,30,"A03.16.001.005
B01.003.004.002"
Гастроскопия трансназальная (введение через нос) ультратонким эндоскопом,6000,0,0,30,"A03.16.001.005
"
Гастроскопия трансназальная + Консультация гастроэнтеролога (первичная) + тест на хеликобактер,7500,0,0,45,
Гастроскопия трансназальная с проведением теста на хеликобактер (введение через нос),6500,0,0,45,"A03.16.001.005
A08.16.004"
Гастроскопия ультратонким эндоскопом (введение через рот),6000,0,0,30,
"Гистологическое исследование эндоскопического материала желудка (OLGA, 3 контейнера: тело, угол, антральный отдел желудка)",3900,3900,0,5,
"Гистологическое исследование эндоскопического материала кишечнка при воспалительных заболеваниях (лестничная биопсия, несколько контейнеров)",3900,3900,0,5,
Запись на флеш-карту,500,0,0,5,
Колоноскопия,7000,7000,0,60,A03.18.001
Колоноскопия с седацией (медикаментозный сон),12000,12000,0,50,"A03.18.001
B01.003.004.002"
Морфологическое исследование биоптата,2700,2700,0,5,16.0.А27.110
Ректороманоскопия (осмотр прямой кишки),3000,3000,0,15,A03.19.002
Ректоросигмаскопия (осмотр прямой и сигмавидной кишки),3500,3500,0,30,A03.19.004
Седация (медикаментозный сон) для гастроскопии,5000,5000,0,10,B01.003.004.002
Седация (медикаментозный сон) для колоноскопии,5000,5000,0,10,B01.003.004.002
Тест на хеликобактер,500,500,0,5,"A08.16.004
"
Эзофагоскопия (осмотр пищевода),2000,0,0,20,А03.08.003
